,pdb_id,restype,resi,chain
0,2XWT_AB_C,thr,30,A
1,2VIR_AB_C,thr,131,C
2,3V4Y_A_B,thr,179,B
3,1BGX_HL_T,thr,93,L
4,1M10_A_B,thr,240,B
5,4DX8_A_J,thr,188,J
6,3HMX_LH_AB,thr,54,A
7,1WRD_A_B,thr,239,A
8,3FPU_A_B,thr,10,B
9,3OAK_A_D,thr,253,A
10,3WO3_A_B,thr,299,B
11,5VYF_HL_F,thr,28,H
12,3KYI_A_B,thr,52,A
13,2GWW_A_B,thr,8,A
14,4PJ2_A_D,thr,47,A
15,4RS1_B_A,thr,168,B
16,5EE5_A_B,thr,7,A
17,6AQ7_HL_A,thr,198,A
18,6AQ7_HL_A,thr,33,L
19,4CT0_A_B,thr,149,A
20,2J0T_A_D,thr,98,D
21,3LEV_L_H,thr,164,L
22,5VIG_AB_G,thr,28,B
23,1FBI_HL_X,thr,104,H
24,3BX7_A_C,thr,79,A
25,1TQB_BC_A,thr,191,A
26,4S1S_HL_G,thr,455,G
27,4MHJ_L_H,thr,180,L
28,3MZG_A_B,thr,141,B
29,4FQJ_HL_A,thr,30,H
30,1TE1_A_B,thr,130,B
31,1R0R_E_I,thr,17,I
32,5W08_OP_E,thr,135,E
33,3U7Y_HL_G,thr,455,G
34,5UTZ_JK_I,thr,59,J
35,3H11_BC_A,thr,407,A
36,3IDB_A_B,thr,201,A
37,5TUD_CB_A,thr,356,A
38,4MYW_A_B,thr,230,A
39,6CH7_QR_G,thr,30,R
40,2JKI_A_S,thr,166,S
41,4GEH_A_B,thr,43,A
42,4K1R_A_B,thr,9,B
43,4DJ9_A_B,thr,2098,B
44,1NCB_HL_N,thr,54,H
45,3S35_HL_X,thr,293,X
46,2Z58_A_B,thr,323,A
47,4D9Q_ED_B,thr,30,E
48,4CMM_A_B,thr,49,B
49,4ZGM_A_B,thr,29,A
50,1Y6N_L_R,thr,35,L
51,3SRI_A_B,thr,171,A
52,4LGR_A_B,thr,156,A
53,4BQD_A_C,thr,14,A
54,2V52_B_M,thr,148,B
55,5F3B_AB_C,thr,31,B
56,2P43_A_B,thr,107,B
57,3GQI_A_B,thr,590,B
58,1YRT_A_B,thr,255,A
59,3E1Z_A_B,thr,32,A
60,2P45_A_B,thr,107,B
61,1R6Q_A_C,thr,26,A
62,5DC4_A_B,thr,71,B
63,4AYI_A_D,thr,185,D
64,1HEZ_BA_E,thr,5,A
65,2AEP_HL_A,thr,31,L
66,5T33_HL_G,thr,30,L
67,1E96_A_B,thr,24,A
68,1NSN_HL_S,thr,56,H
69,2XHE_A_B,thr,131,B
70,3TAC_A_B,thr,983,B
71,4FQ0_B_C,thr,141,C
72,3ZWL_B_E,thr,209,B
73,3QML_A_C,thr,201,C
74,2W9E_HL_A,thr,199,A
75,5CZX_HL_A,thr,94,L
76,1ZV5_L_A,thr,47,L
77,3AON_A_B,thr,82,B
78,5VEB_AB_X,thr,28,A
79,1QFU_HL_A,thr,30,H
80,4LEO_AB_C,thr,55,A
81,2R56_HL_A,thr,18,A
82,3UZ0_A_B,thr,98,B
83,4H03_A_B,thr,277,B
84,2V6X_A_B,thr,199,B
85,3T6G_A_B,thr,798,B
86,3V96_A_B,thr,231,B
87,2RF9_A_C,thr,349,C
88,3G6D_LH_A,thr,21,A
89,4F9L_A_B,thr,203,A
90,3V6Z_AB_F,thr,138,F
91,2N1D_A_B,thr,231,B
92,4FFV_DC_B,thr,92,B
93,3WWN_A_B,thr,56,A
94,4I18_HL_C,thr,19,C
95,2OMZ_A_B,thr,345,A
96,1BVK_DE_F,thr,118,F
97,4UV7_HL_A,thr,105,H
98,2P49_A_B,thr,107,B
99,5BN5_A_B,thr,60,B
100,3JZA_A_B,thr,40,A
101,1DE4_AB_CF,thr,77,A
102,2P4A_A_B,thr,106,B
103,4NQW_A_B,thr,131,A
104,4ZI2_A_C,thr,107,C
105,2C0L_A_B,thr,606,A
106,2HD5_A_B,thr,460,A
107,4PQT_A_B,thr,336,A
108,1MLC_AB_E,thr,43,E
109,2OT3_B_A,thr,33,B
110,2WJV_A_D,thr,1175,D
111,2NYZ_AB_D,thr,357,A
112,3N4I_A_B,thr,167,A
113,3TNF_A_B,thr,36,A
114,1P2C_AB_C,thr,330,B
115,2JJT_A_C,thr,102,C
116,2OZA_B_A,thr,226,B
117,3I50_HL_E,thr,76,E
118,1EER_A_BC,thr,107,A
119,2V5Q_A_D,thr,320,A
120,3ZET_A_B,thr,324,B
121,4XNY_HL_G,thr,283,G
122,3SGK_A_B,thr,394,B
123,2LD7_A_B,thr,196,A
124,5JQ6_HL_A,thr,465,A
125,3G9W_A_D,thr,370,A
126,2W9E_HL_A,thr,30,H
127,3ZEU_D_E,thr,324,E
128,3P30_HL_A,thr,28,H
129,1PJN_A_B,thr,311,B
130,3R1G_HL_B,thr,375,B
131,1T44_G_A,thr,203,A
132,1JK9_B_A,thr,152,A
133,4PBW_B_E,thr,256,B
134,5O4G_BA_C,thr,30,B
135,4KVN_HL_A,thr,334,A
136,3KW5_A_B,thr,205,A
137,5VIG_AB_G,thr,351,G
138,4WNN_A_B,thr,51,B
139,3AON_A_B,thr,2,B
140,4P59_HL_A,thr,28,H
141,4E42_A_B,thr,135,A
142,4JEG_A_B,thr,205,A
143,1NMB_HL_N,thr,401,N
144,3V4Y_A_B,thr,193,A
145,3WDG_A_B,thr,53,B
146,4LU5_IM_A,thr,97,M
147,5TAR_A_B,thr,183,A
148,2X9A_D_C,thr,16,C
149,5TH9_HL_A,thr,94,L
150,2ONL_A_C,thr,357,C
151,4HF5_HL_A,thr,155,A
152,3RGV_A_B,thr,31,A
153,3MA2_D_C,thr,302,C
154,4H6J_A_B,thr,460,B
155,5D5M_A_B,thr,91,A
156,3G3B_A_B,thr,104,A
157,5E6P_A_B,thr,1840,A
158,4LGP_A_B,thr,116,A
159,4XHU_C_D,thr,83,D
160,4I6L_A_B,thr,9,B
161,1TO1_E_I,thr,220,E
162,4UYQ_A_B,thr,76,A
163,3C4P_A_B,thr,55,B
164,4G6J_HL_A,thr,28,H
165,6BP2_HL_A,thr,121,A
166,1X1W_A_D,thr,42,D
167,3ZYJ_A_B,thr,222,B
168,4LSU_HL_G,thr,62,H
169,4YN0_A_B,thr,74,A
170,4C2B_A_B,thr,240,B
171,5VLP_HL_A,thr,538,A
172,4X33_A_B,thr,156,B
173,2OMY_A_B,thr,345,A
174,3IDC_A_B,thr,201,A
175,4JCV_ADBC_E,thr,18,E
176,1DEE_A_B,thr,605,B
177,5USH_HL_X,thr,168,X
178,3P9W_A_B,thr,71,A
179,3CQG_A_B,thr,969,B
180,4J6R_HL_G,thr,97,L
181,2B4J_AB_C,thr,124,B
182,1L4D_A_B,thr,108,B
183,5SV3_A_B,thr,116,B
184,3UZ0_A_B,thr,194,A
185,3CH5_A_B,thr,42,A
186,2OMW_A_B,thr,148,A
187,1GL1_A_I,thr,9,I
188,4PS4_HL_A,thr,8,A
189,5TE7_HL_G,thr,30,H
190,1YNT_DC_G,thr,1553,D
191,1ORQ_BA_C,thr,71,B
192,4DG4_A_E,thr,11,E
193,4AG2_A_C,thr,22,A
194,2GAF_D_A,thr,377,D
195,3PC8_A_C,thr,565,A
196,5TZ2_HL_C,thr,99,C
197,4N7Z_A_B,thr,606,A
198,3SRI_A_B,thr,2040,B
199,2Y8S_A_B,thr,1315,B
200,6AQ7_HL_A,ser,95,L
201,3V96_A_B,ser,68,A
202,1T01_A_B,ser,112,A
203,4RS1_B_A,ser,44,A
204,5XMH_DC_B,ser,29,C
205,2W80_A_D,ser,367,A
206,3MZW_A_B,ser,429,A
207,5GGV_HL_Y,ser,93,L
208,4AYE_A_D,ser,354,A
209,2OMV_A_B,ser,257,A
210,4OQT_HL_A,ser,30,L
211,5FR2_A_B,ser,73,A
212,4EIZ_A_D,ser,150,A
213,4DAG_HL_A,ser,103,H
214,3BX7_A_C,ser,27,C
215,2YC1_AB_C,ser,226,B
216,5D1X_CD_E,ser,30,D
217,3BKY_H_L,ser,161,L
218,1ZM4_A_B,ser,525,A
219,2VLN_A_B,ser,48,A
220,5JZE_B_A,ser,105,A
221,1Y64_A_B,ser,350,A
222,2XTJ_DB_A,ser,376,A
223,6BPE_EF_D,ser,91,F
224,1ZTX_HL_E,ser,30,L
225,2J6E_HL_A,ser,440,A
226,4YWG_IM_Q,ser,65,M
227,2I25_N_L,ser,91,N
228,3OUX_A_B,ser,389,A
229,3K8P_C_D,ser,674,D
230,1ZTX_HL_E,ser,97,H
231,4HGM_B_A,ser,270,B
232,4I77_HL_Z,ser,30,H
233,4TTD_HL_A,ser,56,H
234,4Y5Y_DE_F,ser,152,F
235,1FY8_E_I,ser,195,E
236,4KT1_A_E,ser,78,E
237,2A6D_L_H,ser,176,L
238,3SGK_A_B,ser,364,B
239,3DVM_A_B,ser,1978,B
240,2XHE_A_B,ser,44,A
241,3HI6_XY_B,ser,53,Y
242,1EWY_A_C,ser,61,C
243,5J8H_A_B,ser,74,B
244,5TIH_HL_A,ser,56,L
245,3W8I_A_B,ser,39,A
246,1HE1_C_A,ser,147,A
247,5W6G_HL_A,ser,126,A
248,4X7S_H_L,ser,125,L
249,1DZB_A_X,ser,100,X
250,2XWT_AB_C,ser,56,B
251,3EO1_AB_CF,ser,30,B
252,3RGF_A_B,ser,9,B
253,1YC0_A_I,ser,494,A
254,2LP0_A_B,ser,189,B
255,4G6V_A_B,ser,46,B
256,3ZO0_A_B,ser,426,A
257,6AOD_BA_C,ser,459,C
258,4AOR_A_D,ser,215,A
259,5TIH_HL_A,ser,31,H
260,1Y4A_E_I,ser,221,E
261,2JIX_HL_E,ser,76,L
262,2YVJ_A_B,ser,64,B
263,2OOR_AB_C,ser,213,B
264,1JTG_B_A,ser,70,A
265,4NOO_A_B,ser,847,A
266,2NR6_FE_B,ser,67,E
267,1RY7_A_B,ser,62,A
268,5J56_A_B,ser,56,B
269,1OPH_A_B,ser,190,B
270,5J28_A_C,ser,292,A
271,5B77_A_B,ser,210,A
272,4YPG_BA_C,ser,68,A
273,5H35_FG_E,ser,110,E
274,2MRO_A_B,ser,424,B
275,4M6B_A_C,ser,598,C
276,4ETP_A_B,ser,361,B
277,4FFV_DC_B,ser,91,B
278,4ZGQ_A_B,ser,489,B
279,3P9W_A_B,ser,95,A
280,4HGM_B_A,ser,232,B
281,4XVP_A_D,ser,175,A
282,3U82_A_B,ser,88,B
283,2R29_HL_A,ser,363,A
284,4M6B_A_C,ser,620,C
285,4XTR_EF_A,ser,51,F
286,4Q6I_ED_J,ser,28,D
287,5WI9_HL_A,ser,95,L
288,4HCP_A_B,ser,129,A
289,2BYK_A_B,ser,26,B
290,4YPI_C_G,ser,30,G
291,1TM3_E_I,ser,130,E
292,4RGO_HL_S,ser,56,L
293,2NYY_DC_A,ser,71,C
294,1M1E_A_B,ser,72,B
295,5ANM_BA_G,ser,75,B
296,2FJH_BA_W,ser,94,A
297,5DO2_CD_B,ser,52,C
298,5IUS_A_C,ser,117,C
299,3D9A_HL_C,ser,356,H
300,1A22_A_B,ser,419,B
301,5WI9_HL_A,ser,56,H
302,4FQ0_B_C,ser,147,B
303,6BPA_BC_A,ser,120,B
304,3QWQ_A_B,ser,26,A
305,1YCS_A_B,ser,241,A
306,1HCF_AB_X,ser,327,X
307,5F3B_AB_C,ser,52,A
308,3TGK_E_I,ser,214,E
309,5C8J_AB_I,ser,57,A
310,5DMI_HL_A,ser,28,L
311,4W6Y_A_B,ser,91,A
312,3LD8_CB_A,ser,32,B
313,2XPX_A_B,ser,97,A
314,3ZKQ_A_D,ser,212,D
315,3BKY_H_L,ser,188,H
316,4PER_A_B,ser,44,B
317,2A6D_L_H,ser,56,L
318,2A6D_L_H,ser,188,H
319,5DUP_HL_A,ser,129,A
320,5W08_OP_E,ser,228,E
321,5D1Q_CD_E,ser,30,D
322,2J8X_A_B,ser,221,A
323,3WKM_IM_B,ser,60,M
324,4BQD_A_C,ser,3,C
325,1FJ1_DC_E,ser,207,E
326,3BX1_A_C,ser,103,A
327,5JZ7_CD_A,ser,17,A
328,3VG9_CB_A,ser,223,A
329,2A6K_A_B,ser,136,B
330,3V6Z_AB_F,ser,30,A
331,1CGI_E_I,ser,217,E
332,3IDC_A_B,ser,212,A
333,1G6V_A_K,ser,50,A
334,4C2B_A_B,ser,1325,A
335,3N85_HL_A,ser,28,H
336,5DC4_A_B,ser,222,A
337,3K2U_HL_A,ser,95,A
338,3SZK_DE_F,ser,154,F
339,2GOX_A_B,ser,1097,A
340,4EIZ_A_D,ser,105,D
341,5VEB_AB_X,ser,102,A
342,5W0D_BC_A,ser,136,A
343,2VLO_A_B,ser,50,A
344,3LD8_CB_A,ser,28,B
345,3VRL_HL_C,ser,52,H
346,3U82_A_B,ser,74,B
347,1Z92_A_B,ser,41,B
348,1FQ1_A_B,ser,239,B
349,1XDT_T_R,ser,506,T
350,4HFU_HL_A,ser,159,A
351,3QML_A_C,ser,324,A
352,3GMW_A_B,ser,40,B
353,1IB1_AB_E,ser,64,A
354,3BN3_A_B,ser,141,A
355,3N4I_A_B,ser,39,B
356,3OUW_A_B,ser,250,A
357,2OMW_A_B,ser,369,A
358,4F38_A_B,ser,73,A
359,2W81_A_D,ser,286,D
360,1EER_A_BC,ser,9,A
361,3WN7_A_B,ser,363,A
362,2YPV_HL_A,ser,221,A
363,4LZX_A_B,ser,39,A
364,3U9P_KM_C,ser,6,C
365,4DKF_HL_A,ser,93,L
366,3SJV_D_E,ser,138,D
367,3SKU_A_D,ser,235,A
368,3B2U_QR_P,ser,93,R
369,1G0V_A_B,ser,279,A
370,4YH7_A_B,ser,123,B
371,1TM5_E_I,ser,33,E
372,4YPG_BA_C,ser,30,A
373,3MA2_D_C,ser,189,D
374,4F15_HI_G,ser,29,I
375,5VEB_AB_X,ser,535,X
376,5W1K_DC_E,ser,32,D
377,1BVN_P_T,ser,817,T
378,3N85_HL_A,ser,52,H
379,4KFZ_A_C,ser,57,C
380,1MCV_A_I,ser,195,A
381,2F9Z_A_C,ser,161,A
382,4RDQ_GF_E,ser,31,F
383,2J12_A_B,ser,193,A
384,3H6G_A_B,ser,162,B
385,1RJC_A_B,ser,50,B
386,5FR1_A_B,ser,124,B
387,1EAW_A_B,ser,195,A
388,3QWO_AB_C,ser,32,C
389,4EKC_A_B,ser,211,A
390,5JQ6_HL_A,ser,100,L
391,2ABZ_B_E,ser,199,B
392,1FQJ_A_B,ser,202,A
393,4OQT_HL_A,ser,149,A
394,2W8B_A_H,ser,394,A
395,4C2A_A_B,ser,11,B
396,5GS0_FE_B,ser,57,F
397,5D7L_A_B,ser,233,A
398,3WQB_A_B,ser,57,B
399,1M1E_A_B,ser,425,A
400,1PXV_A_C,phe,285,A
401,4K24_A_U,phe,25,A
402,2M04_A_B,phe,146,A
403,5I9Q_BC_A,phe,90,C
404,5L0Q_FE_D,phe,642,D
405,1FSK_BC_A,phe,34,B
406,3GS2_A_B,phe,244,B
407,2M0G_A_B,phe,454,B
408,3MJH_A_B,phe,41,B
409,2OMU_A_B,phe,368,A
410,4UEM_A_B,phe,359,B
411,2RF9_A_C,phe,352,C
412,1ZHI_A_B,phe,94,A
413,3D7U_A_B,phe,382,A
414,5LXQ_B_A,phe,560,A
415,4EKC_A_B,phe,152,B
416,3EOA_LH_I,phe,102,H
417,3GNI_A_B,phe,92,A
418,3QBR_A_B,phe,95,A
419,4PS4_HL_A,phe,107,A
420,1FY8_E_I,phe,41,E
421,2G2U_A_B,phe,36,B
422,3IFQ_A_C,phe,284,A
423,2ASS_A_B,phe,1101,A
424,4GN5_A_D,phe,64,A
425,3C4P_A_B,phe,142,B
426,3Q3G_HF_I,phe,246,I
427,1WPX_A_B,phe,308,A
428,4ZGM_A_B,phe,28,B
429,2VOG_A_B,phe,95,A
430,3LB6_A_C,phe,107,A
431,2EFD_A_B,phe,47,B
432,2JKI_A_S,phe,168,S
433,3KR3_HL_D,phe,48,D
434,5BK1_CD_B,phe,30,C
435,5XMH_DC_B,phe,54,D
436,3W8I_A_B,phe,407,B
437,4FFY_HL_A,phe,100,H
438,1AK4_A_D,phe,113,A
439,2XTT_A_B,phe,41,B
440,4D0G_A_C,phe,48,A
441,1RV6_VW_X,phe,172,X
442,4QVF_A_B,phe,97,A
443,1XG2_A_B,phe,80,A
444,4ZGY_A_B,phe,192,B
445,3T2N_IM_B,phe,327,B
446,4BKX_A_B,phe,307,A
447,5VAG_CB_A,phe,55,C
448,4NL9_A_C,phe,53,A
449,1WQJ_B_I,phe,23,I
450,3TNF_A_B,phe,37,A
451,2PTC_E_I,phe,41,E
452,4KGG_C_A,phe,81,C
453,2H9G_BA_R,phe,59,R
454,4YOC_A_C,phe,867,C
455,4MHJ_L_H,phe,98,L
456,4BYF_C_D,phe,173,C
457,2OMV_A_B,phe,17,B
458,1TH1_A_C,phe,660,A
459,2RA3_A_C,phe,41,A
460,4YWG_IM_Q,phe,176,Q
461,2UZI_HL_R,phe,32,H
462,2NBV_A_B,phe,98,A
463,2VOH_A_B,phe,148,A
464,5JHL_HL_A,phe,108,A
465,2XZE_B_R,phe,70,B
466,3MAC_HL_A,phe,99,H
467,3DAW_A_B,phe,352,A
468,4G35_A_B,phe,270,A
469,3QBT_A_B,phe,668,B
470,2Z8W_A_D,phe,86,D
471,5INB_A_B,phe,395,B
472,3R1G_HL_B,phe,318,B
473,1AFV_KM_B,phe,36,M
474,2MLZ_B_A,phe,461,B
475,3G6J_E_F,phe,166,F
476,3W9E_AB_C,phe,55,A
477,4M6B_A_C,phe,68,A
478,4MHJ_L_H,phe,32,L
479,3KZ0_A_C,phe,270,A
480,4BYF_C_D,phe,90,D
481,3LBX_A_B,phe,38,A
482,5FR1_A_B,phe,158,B
483,3LEV_L_H,phe,209,L
484,4XAK_HL_A,phe,54,H
485,4CVW_A_C,phe,514,A
486,2VAY_A_B,phe,1533,B
487,4MRT_C_A,phe,69,C
488,2R0L_HL_A,phe,97,A
489,4J32_A_B,phe,150,A
490,4F9L_A_B,phe,212,A
491,2YQ7_A_B,phe,146,A
492,5E6P_A_B,phe,59,B
493,2LKM_A_B,phe,210,A
494,3IDC_A_B,phe,187,A
495,3H2U_A_B,phe,885,A
496,3MA2_D_C,phe,204,D
497,2A5T_A_B,phe,246,A
498,3GI9_HL_C,phe,318,C
499,2A1A_B_A,phe,489,B
500,2MRO_A_B,phe,403,B
501,2NZ8_A_B,phe,1236,B
502,1L4D_A_B,phe,118,B
503,3RGV_A_B,phe,88,B
504,4M6B_A_C,phe,623,C
505,1G0V_A_B,phe,30,B
506,2XBB_A_C,phe,707,A
507,4AP2_A_B,phe,246,A
508,3PVM_A_B,phe,420,A
509,1UUZ_A_D,phe,34,D
510,4REY_A_B,phe,975,B
511,3AJB_A_B,phe,298,A
512,1ZR0_A_B,phe,41,A
513,2QUR_A_B,phe,129,A
514,4DBG_A_B,phe,620,B
515,5BW7_A_B,phe,405,A
516,2C1T_A_C,phe,487,A
517,4HFU_HL_A,phe,29,H
518,3RT0_A_C,phe,58,C
519,3RBB_A_B,phe,94,A
520,2MZD_A_B,phe,20,B
521,4DT1_A_B,phe,184,B
522,1JTG_B_A,phe,36,B
523,4DT1_A_B,phe,180,B
524,1UUZ_A_D,phe,7,A
525,1RJL_BA_C,phe,94,A
526,1AXI_A_B,phe,25,A
527,4BRW_A_B,phe,54,B
528,1H59_A_B,phe,16,A
529,4U2X_A_D,phe,395,D
530,5DUM_HL_A,phe,104,H
531,4NQW_A_B,phe,26,A
532,4LSU_HL_G,phe,91,L
533,4PLO_B_A,phe,57,A
534,5XHV_PQ_A,phe,200,A
535,3TL8_A_B,phe,492,A
536,5LXM_A_D,phe,157,A
537,3DXD_A_B,phe,690,B
538,2WPT_A_B,phe,86,B
539,4M62_HL_S,phe,54,H
540,4APF_A_B,phe,54,B
541,1MZW_A_B,phe,121,B
542,2VH5_HL_R,phe,32,H
543,1M10_A_B,phe,199,B
544,4YDJ_HL_G,phe,100,H
545,2Z58_A_B,phe,33,B
546,5GGT_HL_A,phe,19,A
547,5B71_BA_E,phe,50,E
548,5LXM_A_D,phe,19,D
549,4P5T_A_B,phe,89,A
550,3V4Y_A_B,phe,203,B
551,1FAK_HL_T,phe,50,T
552,2GNG_A_I,phe,54,A
553,2AST_A_B,phe,1101,A
554,1A14_HL_N,phe,92,L
555,4RE1_A_D,phe,350,A
556,4QLP_A_B,phe,727,B
557,4YYP_A_B,phe,962,A
558,3VYR_A_B,phe,228,B
559,4NE9_A_P,phe,150,P
560,4P5T_A_B,phe,124,B
561,4EIG_A_B,phe,31,A
562,2MV7_A_B,phe,545,A
563,4C2A_A_B,phe,199,B
564,3P95_A_E,phe,41,A
565,4Q96_D_E,phe,121,D
566,5SX5_HL_N,phe,91,L
567,2I32_A_E,phe,72,A
568,2OMZ_A_B,phe,150,A
569,1XQS_A_C,phe,252,A
570,4U0Q_A_B,phe,350,A
571,2C1M_A_B,phe,496,A
572,3H6S_A_E,phe,146,A
573,3N4I_A_B,phe,36,B
574,1ZC4_A_D,phe,247,D
575,4C2B_A_B,phe,1366,A
576,5BW7_A_B,phe,405,B
577,4AEI_HL_A,phe,15,A
578,4APF_A_B,phe,130,A
579,1AN1_E_I,phe,41,E
580,1ES0_A_B,phe,48,A
581,5USL_BC_A,phe,31,C
582,5LSP_ST_P,phe,94,T
583,1FC2_C_D,phe,132,C
584,4LAD_A_B,phe,51,A
585,2A7U_A_B,phe,17,B
586,2LVO_A_C,phe,468,C
587,4LGP_A_B,phe,117,A
588,1WQJ_B_I,phe,16,I
589,5AYR_A_B,phe,69,B
590,5DMJ_A_B,phe,99,B
591,5HPS_A_B,phe,70,B
592,5UEA_HL_D,phe,71,D
593,3FJU_A_B,phe,39,B
594,4F9L_A_B,phe,212,B
595,2Z0E_A_B,phe,80,B
596,5J28_A_C,phe,517,C
597,3G9V_A_B,phe,57,B
598,1T44_G_A,phe,49,G
599,3ALZ_A_B,phe,483,A
600,4A1U_A_B,leu,94,B
601,5F3B_AB_C,leu,85,C
602,5K8Q_A_B,leu,613,B
603,3S9D_B_A,leu,15,A
604,2OZA_B_A,leu,72,A
605,3FSH_B_C,leu,589,C
606,1C9P_A_B,leu,99,A
607,4TNW_IO_D,leu,50,I
608,2MLZ_B_A,leu,226,A
609,2GWW_A_B,leu,123,A
610,3ZU7_A_B,leu,119,B
611,3CQC_A_B,leu,938,B
612,5J28_A_C,leu,512,C
613,4RAU_ED_F,leu,104,E
614,4CT0_A_B,leu,1164,B
615,2RF9_A_C,leu,909,A
616,4PBV_A_C,leu,53,A
617,5XMH_DC_B,leu,53,D
618,3P71_T_C,leu,245,T
619,3CQG_A_B,leu,976,B
620,1Y3D_E_I,leu,126,E
621,3KLS_A_X,leu,146,X
622,2IH3_AB_C,leu,49,C
623,2HSQ_A_B,leu,577,B
624,4V0N_D_C,leu,41,D
625,4V2C_A_B,leu,215,A
626,3P71_T_C,leu,307,T
627,3ZET_A_B,leu,53,A
628,2V3B_A_B,leu,373,A
629,1H9D_A_B,leu,64,B
630,3OL2_A_B,leu,80,B
631,1T01_A_B,leu,108,A
632,1AFV_KM_B,leu,83,B
633,4NQW_A_B,leu,177,A
634,3LIZ_HL_A,leu,94,L
635,1TMQ_A_B,leu,150,A
636,3Q9U_A_C,leu,36,C
637,3TU3_A_B,leu,23,A
638,3VLB_A_B,leu,323,A
639,4RAU_ED_F,leu,103,E
640,2A6D_L_H,leu,132,H
641,5EE5_A_B,leu,149,A
642,3MJ7_A_B,leu,39,B
643,3H8K_A_B,leu,589,B
644,4MHJ_L_H,leu,143,H
645,5INB_A_B,leu,399,B
646,2I3S_A_B,leu,102,A
647,5SZH_A_B,leu,667,A
648,4WEN_A_B,leu,62,A
649,5F3X_A_B,leu,153,A
650,4DOQ_A_B,leu,74,B
651,4XOI_A_B,leu,69,A
652,4BKX_A_B,leu,161,B
653,5TH9_HL_A,leu,30,H
654,2VLP_A_B,leu,33,A
655,5HPS_A_B,leu,720,A
656,2MZD_A_B,leu,63,A
657,2CMR_HL_A,leu,203,A
658,2Y5B_A_B,leu,429,A
659,5F3X_A_B,leu,418,B
660,5D1L_A_B,leu,139,B
661,2I32_A_E,leu,61,A
662,4PAS_A_B,leu,816,B
663,2NZ1_X_Y,leu,273,X
664,3KW5_A_B,leu,32,A
665,4MI8_A_C,leu,122,C
666,4C5G_A_B,leu,665,A
667,1R0R_E_I,leu,96,E
668,2MNU_A_B,leu,67,A
669,3VEP_X_D,leu,43,X
670,1FMO_E_I,leu,198,E
671,2EFH_A_B,leu,28,B
672,3BP8_AB_C,leu,146,A
673,4BD9_A_B,leu,6,B
674,1PJM_A_B,leu,876,A
675,2WG3_A_C,leu,44,A
676,2KWO_B_A,leu,331,A
677,4DH2_A_B,leu,65,B
678,1ZHI_A_B,leu,504,B
679,5FB8_BA_C,leu,53,C
680,1HCF_AB_X,leu,33,B
681,3K6G_A_D,leu,308,D
682,4YOC_A_C,leu,853,C
683,4M6B_A_C,leu,601,C
684,4Q5U_A_C,leu,413,C
685,4NM3_A_B,leu,396,B
686,3TNF_A_B,leu,428,B
687,3DVU_A_C,leu,116,C
688,1SYQ_A_B,leu,615,B
689,4B1Y_B_M,leu,519,M
690,1YQV_HL_Y,leu,52,H
691,2MJ5_A_B,leu,73,A
692,1F5R_A_I,leu,99,A
693,3UYP_A_B,leu,4,A
694,4JZJ_HL_C,leu,101,H
695,1XQH_A_B,leu,369,B
696,4DJ9_A_B,leu,2080,B
697,3N00_A_B,leu,606,A
698,3OJM_A_B,leu,150,A
699,5XMH_DC_B,leu,314,B
700,4I6L_A_B,leu,8,B
701,2A5T_A_B,leu,264,B
702,4NZW_A_B,leu,91,B
703,3QBV_A_B,leu,1337,B
704,2O8V_A_B,leu,241,A
705,1SHZ_A_C,leu,35,C
706,4MWF_HL_C,leu,53,H
707,4C7N_A_B,leu,28,B
708,1GL0_E_I,leu,29,I
709,2I9B_E_A,leu,40,E
710,1OGY_A_B,leu,21,B
711,4V0M_F_E,leu,100,E
712,5EB1_A_B,leu,87,B
713,4HFF_A_B,leu,70,B
714,3C66_A_C,leu,507,A
715,3K1R_A_B,leu,100,A
716,2FJU_B_A,leu,67,A
717,5DJT_A_B,leu,10,B
718,3WDG_A_B,leu,184,A
719,2V52_B_M,leu,171,B
720,4Z5R_BA_N,leu,153,N
721,3P57_IJ_P,leu,66,I
722,2MBB_A_B,leu,78,A
723,3U9P_KM_C,leu,94,M
724,3DI3_A_B,leu,89,A
725,3ZYJ_A_B,leu,193,B
726,2Z3R_A_B,leu,52,A
727,4AG2_A_C,leu,30,C
728,3V6Z_AB_F,leu,126,F
729,4YPI_C_G,leu,255,C
730,4PC0_A_C,leu,31,A
731,3TAC_A_B,leu,956,B
732,3WRY_A_C,leu,1098,C
733,4FQ0_B_C,leu,132,B
734,2VOG_A_B,leu,52,A
735,3G9W_A_D,leu,356,A
736,4OFY_A_D,leu,62,D
737,1J7V_L_R,leu,46,L
738,3PNR_A_B,leu,309,B
739,2F31_A_B,leu,9,B
740,3DOE_A_B,leu,119,B
741,3TL8_A_B,leu,342,B
742,2WP3_T_O,leu,22,T
743,3MCA_A_B,leu,512,A
744,3R85_A_E,leu,130,A
745,3O40_A_B,leu,20,B
746,3MA9_HL_A,leu,35,A
747,2MJ5_A_B,leu,954,B
748,2AST_A_B,leu,2104,B
749,4M6B_A_C,leu,615,C
750,5DJT_A_B,leu,404,A
751,3PVM_A_B,leu,404,B
752,4OFY_A_D,leu,107,D
753,4ZGQ_A_B,leu,136,A
754,5CZF_A_D,leu,5,D
755,5GLH_A_B,leu,6,B
756,3OAK_A_D,leu,259,D
757,2J7P_A_D,leu,46,D
758,3LEV_L_H,leu,141,H
759,3DVU_A_C,leu,78,A
760,4G6J_HL_A,leu,100,H
761,2W8B_A_H,leu,156,H
762,1PPE_E_I,leu,17,I
763,5JSB_A_B,leu,235,A
764,2LUH_A_B,leu,82,A
765,1P2C_AB_C,leu,352,B
766,3W9E_AB_C,leu,25,C
767,2N2H_A_B,leu,223,A
768,3DXC_A_B,leu,612,A
769,5LRW_A_B,leu,8,B
770,2AW2_A_B,leu,123,A
771,5DJU_B_A,leu,422,A
772,2QNA_A_B,leu,47,B
773,5G1X_A_B,leu,61,B
774,2MV7_A_B,leu,879,B
775,4ZGM_A_B,leu,32,B
776,4CU4_A_B,leu,560,A
777,1UUG_A_B,leu,25,B
778,2C1M_A_B,leu,489,A
779,4QRP_K_L,leu,190,L
780,2Z8V_A_D,leu,89,D
781,2OZA_B_A,leu,382,A
782,3GC3_A_B,leu,13,B
783,4PQT_A_B,leu,73,B
784,3WQB_A_B,leu,515,A
785,4LAD_A_B,leu,589,B
786,4APF_A_B,leu,66,B
787,1USU_A_B,leu,66,B
788,3F1P_A_B,leu,239,A
789,5D1Q_CD_E,leu,345,E
790,2W8B_A_H,leu,268,A
791,4APF_A_B,leu,125,A
792,4GAF_B_A,leu,6,A
793,3OJM_A_B,leu,18,A
794,5J8H_A_B,leu,48,A
795,2H7V_A_C,leu,67,A
796,3R9A_AC_B,leu,609,B
797,2A7U_A_B,leu,75,B
798,3LEV_L_H,leu,135,L
799,4YIQ_A_B,leu,96,A
800,2FTM_A_B,trp,215,A
801,4Y5V_DE_F,trp,33,D
802,2R0K_HL_A,trp,215,A
803,5UEA_HL_D,trp,93,L
804,1PJN_A_B,trp,399,B
805,5KVF_HL_E,trp,33,H
806,4OII_HL_A,trp,33,H
807,2OUL_A_B,trp,26,A
808,1B2S_A_D,trp,39,D
809,3KJ2_A_B,trp,5,B
810,4CJ2_B_C,trp,22,C
811,4YK4_CB_A,trp,153,A
812,3L33_A_E,trp,215,A
813,4PVZ_A_C,trp,279,A
814,1BJ1_HL_VW,trp,50,H
815,4XXB_A_B,trp,329,B
816,3LIZ_HL_A,trp,105,H
817,5F3B_AB_C,trp,31,C
818,4L0P_A_B,trp,100,B
819,4LMQ_HL_D,trp,92,L
820,4WEM_A_B,trp,900,B
821,5JSB_A_B,trp,261,A
822,4LSU_HL_G,trp,50,H
823,2HLE_A_B,trp,125,B
824,4A1S_B_E,trp,19,E
825,1BGX_HL_T,trp,100,H
826,4J2L_A_C,trp,37,C
827,5AAM_A_C,trp,391,C
828,2Y8T_A_B,trp,253,A
829,1X1U_A_D,trp,44,D
830,1Z0K_A_B,trp,443,B
831,4ENE_EF_B,trp,106,E
832,4AFZ_A_C,trp,16,C
833,1LX5_A_B,trp,60,B
834,4YL8_A_B,trp,43,A
835,4OLZ_HL_G,trp,54,H
836,3UYO_A_D,trp,85,D
837,4MXV_FE_B,trp,100,F
838,4ZS6_CD_B,trp,104,C
839,3OPZ_JN_C,trp,90,N
840,5TE7_HL_G,trp,50,H
841,1RPQ_A_W,trp,156,A
842,1FY8_E_I,trp,215,E
843,2HD5_A_B,trp,348,A
844,2O8V_A_B,trp,31,B
845,1TAW_A_B,trp,215,A
846,2XGY_A_B,trp,121,B
847,1FQJ_A_B,trp,362,B
848,4JEG_A_B,trp,46,B
849,4XL5_A_C,trp,122,C
850,1FBI_HL_X,trp,62,X
851,5J7C_A_C,trp,28,C
852,1ACB_E_I,trp,172,E
853,1RPQ_A_W,trp,110,A
854,4HGM_B_A,trp,91,A
855,3H11_BC_A,trp,466,A
856,4LSP_HL_G,trp,61,H
857,4EXP_A_X,trp,27,A
858,5TUD_CB_A,trp,33,C
859,4NOO_A_B,trp,989,A
860,5DJU_B_A,trp,24,B
861,4GH7_A_B,trp,81,A
862,2XNS_B_D,trp,534,D
863,3REA_A_B,trp,92,B
864,3H6S_A_E,trp,194,A
865,1SMF_E_I,trp,215,E
866,2WO3_A_B,trp,112,B
867,3D85_BA_C,trp,100,B
868,4RDQ_GF_E,trp,33,G
869,4U30_A_X,trp,215,A
870,4G6U_A_B,trp,132,B
871,2EIZ_BA_C,trp,94,A
872,2FTL_E_I,trp,215,E
873,3KJ1_A_B,trp,5,B
874,5SY8_HL_O,trp,120,O
875,3WKM_IM_B,trp,242,B
876,2YQ7_A_B,trp,137,A
877,4Q6I_ED_J,trp,100,E
878,1Z3G_IM_B,trp,100,I
879,3V3K_A_B,trp,340,A
880,2Q5D_A_C,trp,342,A
881,2I3T_A_B,trp,120,A
882,1BGX_HL_T,trp,398,T
883,4AFZ_A_C,trp,37,C
884,3PNR_A_B,trp,206,A
885,3G7A_A_B,trp,3,B
886,4CVW_A_C,trp,512,A
887,2KWI_A_B,trp,430,B
888,3D5R_A_C,trp,45,A
889,2OZ4_HL_A,trp,395,A
890,4PER_A_B,trp,259,A
891,4KA2_A_R,trp,427,A
892,2FJH_BA_W,trp,106,B
893,5T33_HL_G,trp,32,L
894,1G9M_HL_G,trp,94,L
895,2R9P_A_E,trp,215,A
896,5IJ9_A_B,trp,344,B
897,3DA7_A_D,trp,39,D
898,3RT0_A_C,trp,385,A
899,1CZ8_YX_V,trp,108,Y
900,2WJV_A_D,trp,241,A
901,2GOX_A_B,trp,1034,A
902,4YN0_A_B,trp,338,B
903,3LMS_A_B,trp,73,B
904,2OT8_A_C,trp,730,A
905,4GN4_B_A,trp,62,A
906,5D72_MN_B,trp,91,N
907,4PBZ_A_B,trp,24,A
908,5SY8_HL_O,trp,128,O
909,1LDT_T_L,trp,215,T
910,1KXQ_H_A,trp,59,A
911,1YVB_A_I,trp,26,A
912,1ZJD_A_B,trp,215,A
913,1A22_A_B,trp,304,B
914,4GN5_A_D,trp,62,D
915,2B4J_AB_C,trp,131,B
916,3PGF_HL_A,trp,97,H
917,5VCN_FE_A,trp,52,F
918,3FP6_E_I,trp,215,E
919,2WH6_A_B,trp,57,B
920,2XPX_A_B,trp,104,A
921,2M04_A_B,trp,71,B
922,4K5B_D_A,trp,122,A
923,4V2C_A_B,trp,89,B
924,2Z8W_A_D,trp,2,D
925,4LST_HL_G,trp,47,H
926,5JSN_A_B,trp,144,A
927,5AAM_A_C,trp,192,A
928,3E1Z_A_B,trp,93,A
929,2I25_N_L,trp,108,L
930,2VER_A_N,trp,92,A
931,3UKW_B_C,trp,399,B
932,4ZRJ_A_B,trp,585,B
933,4X7S_H_L,trp,111,H
934,5XHV_PQ_A,trp,50,Q
935,3RKD_DC_B,trp,92,C
936,3LEV_L_H,trp,103,H
937,4K3J_HL_B,trp,33,H
938,1X1U_A_D,trp,38,D
939,5DCQ_C_F,trp,66,C
940,3MZG_A_B,trp,139,B
941,4KFZ_A_C,trp,114,C
942,3RBB_A_B,trp,95,B
943,1PJM_A_B,trp,184,B
944,1ZMY_A_L,trp,108,L
945,6AYZ_RC_M,trp,93,C
946,4BZ1_HL_A,trp,33,H
947,3RDZ_A_C,trp,211,A
948,5T29_HL_O,trp,128,O
949,1ZR0_A_B,trp,215,A
950,4ZSO_BA_E,trp,67,E
951,1G9I_E_I,trp,215,E
952,3O40_A_B,trp,3,B
953,1DHK_A_B,trp,188,B
954,1F5R_A_I,trp,215,A
955,5D1X_CD_E,trp,100,C
956,5F9O_HL_G,trp,96,G
957,3K2U_HL_A,trp,237,A
958,3H3G_A_B,trp,164,A
959,1DFJ_E_I,trp,259,I
960,4NSO_A_B,trp,989,A
961,4LST_HL_G,trp,50,H
962,3D9A_HL_C,trp,94,L
963,5DJT_A_B,trp,24,B
964,4RWS_A_C,trp,94,A
965,3NCC_A_B,trp,72,B
966,5BK2_CD_B,trp,107,C
967,4IDJ_HL_A,trp,274,A
968,1K4C_AB_C,trp,94,B
969,1SY6_HL_A,trp,90,L
970,6BDZ_HL_A,trp,71,H
971,2VE7_A_C,trp,1151,C
972,5OCC_HL_A,trp,93,L
973,1MLC_AB_E,trp,94,A
974,3N06_A_B,trp,72,B
975,3UL1_B_A,trp,357,B
976,3R1G_HL_B,trp,100,H
977,5WB9_HL_G,trp,50,H
978,3N85_HL_A,trp,94,L
979,5D1Q_CD_E,trp,100,C
980,4AG4_HL_A,trp,33,H
981,5B75_A_B,trp,305,A
982,4U6V_HL_A,trp,187,A
983,4AOR_A_D,trp,216,A
984,4DAG_HL_A,trp,284,A
985,2R0L_HL_A,trp,96,H
986,3UKX_B_C,trp,184,B
987,4OD2_BA_S,trp,106,B
988,1OPH_A_B,trp,215,B
989,4HEP_A_G,trp,108,G
990,4PEQ_A_B,trp,259,B
991,2EFH_A_B,trp,64,B
992,2G2W_A_B,trp,162,B
993,5AGW_B_C,trp,144,B
994,1E4K_AB_C,trp,87,C
995,3REB_A_B,trp,114,B
996,4QVF_A_B,trp,137,A
997,2I26_N_L,trp,63,L
998,3KJ1_A_B,trp,261,A
999,3CQC_A_B,trp,937,B
1000,5F4E_A_B,met,83,B
1001,5JKE_A_B,met,83,B
1002,4BRU_A_B,met,113,B
1003,1EZU_C_AB,met,285,B
1004,3SRI_A_B,met,2042,B
1005,3MA9_HL_A,met,51,A
1006,5D1Q_CD_E,met,342,E
1007,4DID_A_B,met,45,A
1008,3MJ7_A_B,met,108,A
1009,2XHE_A_B,met,246,B
1010,4O9H_HL_A,met,184,A
1011,3FII_A_B,met,46,B
1012,4U4C_A_B,met,1016,A
1013,3MZG_A_B,met,71,B
1014,2M55_A_B,met,36,A
1015,4A1S_B_E,met,14,E
1016,5CZF_A_D,met,56,A
1017,4ZSO_BA_E,met,203,E
1018,1XD3_A_B,met,213,A
1019,1AK4_A_D,met,61,A
1020,1XJ7_A_B,met,734,A
1021,2KWK_B_A,met,343,A
1022,1T63_A_B,met,734,A
1023,4DOQ_A_B,met,73,B
1024,4HF5_HL_A,met,28,H
1025,3U82_A_B,met,85,B
1026,5TAR_A_B,met,118,B
1027,3KYI_A_B,met,14,B
1028,4XVT_HL_G,met,74,H
1029,3KJ1_A_B,met,231,A
1030,1HCF_AB_X,met,354,X
1031,2WO3_A_B,met,60,A
1032,5XWD_HD_A,met,102,H
1033,1EWY_A_C,met,140,A
1034,4JB9_HL_G,met,53,H
1035,1UDI_E_I,met,24,I
1036,5GLH_A_B,met,245,A
1037,3HCT_A_B,met,64,B
1038,4BWQ_E_F,met,91,E
1039,4ETW_A_B,met,543,B
1040,3DXD_A_B,met,677,B
1041,2CFH_A_C,met,14,C
1042,4K9E_HL_C,met,318,C
1043,1SQ0_A_B,met,239,B
1044,2C1M_A_B,met,1,B
1045,2G2U_A_B,met,272,A
1046,3BRT_A_B,met,735,A
1047,1DPJ_A_B,met,289,A
1048,1OGY_A_B,met,119,B
1049,2WWX_A_B,met,439,B
1050,2WJV_A_D,met,1121,D
1051,2Q8B_HL_A,met,224,A
1052,1LFD_B_A,met,30,A
1053,5IJ9_A_B,met,323,B
1054,1Y3B_E_I,met,59,I
1055,4GXU_MN_ABEFCD,met,98,M
1056,5HPY_A_B,met,367,A
1057,4RJF_A_B,met,147,B
1058,5ABV_A_B,met,73,A
1059,3W8I_A_B,met,83,A
1060,2WFX_A_B,met,379,B
1061,4XNY_HL_G,met,30,H
1062,4MRT_C_A,met,49,C
1063,4MXV_FE_B,met,97,F
1064,1DHK_A_B,met,40,B
1065,3DOE_A_B,met,10,A
1066,2Q5D_A_C,met,630,A
1067,2EFH_A_B,met,78,B
1068,5BN5_A_B,met,257,A
1069,2XA0_A_C,met,74,C
1070,4CT0_A_B,met,484,A
1071,5XMH_DC_B,met,252,B
1072,2HLE_A_B,met,185,A
1073,3AU4_A_B,met,2033,A
1074,3DAW_A_B,met,259,B
1075,1F34_A_B,met,73,B
1076,4Y5O_A_B,met,86,B
1077,1BGX_HL_T,met,747,T
1078,3KBT_A_D,met,918,D
1079,2VE7_A_C,met,74,C
1080,2HMI_CD_AB,met,230,B
1081,4D0G_A_C,met,629,C
1082,5EB1_A_B,met,59,B
1083,3TL8_A_B,met,274,B
1084,3MA2_D_C,met,366,C
1085,4OYD_A_B,met,55,B
1086,4YIZ_A_B,met,233,A
1087,1J7V_L_R,met,39,L
1088,4YBQ_FE_A,met,244,A
1089,4M1L_A_B,met,125,A
1090,4Y5O_A_B,met,11,B
1091,1BJ1_HL_VW,met,81,W
1092,3ZWZ_A_B,met,273,A
1093,1US7_A_B,met,116,A
1094,1MXE_A_E,met,36,A
1095,1BJ1_HL_VW,met,94,W
1096,4YOC_A_C,met,761,C
1097,5AGW_B_C,met,115,B
1098,3H8K_A_B,met,42,A
1099,1DE4_AB_CF,met,75,A
1100,3UX9_A_B,met,31,A
1101,2V3B_A_B,met,63,A
1102,4HCP_A_B,met,152,A
1103,2QNA_A_B,met,630,A
1104,4UEM_A_B,met,296,A
1105,2MZD_A_B,met,10,B
1106,3BX1_A_C,met,35,C
1107,2J8X_A_B,met,56,B
1108,1MZW_A_B,met,177,A
1109,4DGE_A_C,met,61,A
1110,4U32_X_A,met,18,X
1111,4G59_A_C,met,32,C
1112,5BV7_HL_A,met,257,A
1113,4ETP_A_B,met,359,A
1114,1MXE_A_E,met,124,A
1115,1ZJD_A_B,met,96,A
1116,1UUG_A_B,met,24,B
1117,2JEL_HL_P,met,96,H
1118,4U4C_A_B,met,400,A
1119,4Q96_D_E,met,129,E
1120,2IY1_A_B,met,552,A
1121,4XVP_A_D,met,28,D
1122,2Y8T_A_B,met,233,A
1123,5BOZ_A_G,met,0,G
1124,2F31_A_B,met,216,A
1125,2MLX_B_A,met,194,A
1126,4Q96_D_E,met,129,D
1127,4YPI_C_G,met,34,G
1128,1DP5_A_B,met,289,A
1129,2WEL_A_D,met,110,D
1130,4MJS_A_B,met,74,A
1131,2A1A_B_A,met,29,A
1132,5B76_A_B,met,300,A
1133,5JG6_A_B,met,57,A
1134,3TKL_A_B,met,402,B
1135,2WG4_A_B,met,382,B
1136,3HCU_A_B,met,64,B
1137,5B77_A_B,met,300,A
1138,2LQC_A_B,met,72,A
1139,4Y61_A_B,met,209,B
1140,3WO3_A_B,met,33,A
1141,1G0V_A_B,met,24,B
1142,2BQZ_A_B,met,272,A
1143,5KVD_HL_E,met,374,E
1144,2C1M_A_B,met,35,B
1145,3S9D_B_A,met,16,A
1146,2OOR_AB_C,met,162,A
1147,4YH7_A_B,met,137,A
1148,4BOH_B_A,met,531,A
1149,1SV0_A_C,met,149,C
1150,5DOB_A_B,met,58,A
1151,1RKE_A_B,met,1022,B
1152,2HQW_A_B,met,72,A
1153,3G6D_LH_A,met,92,L
1154,4YH7_A_B,met,312,A
1155,1ACB_E_I,met,192,E
1156,3PGF_HL_A,met,321,A
1157,1VYT_A_E,met,196,A
1158,3DOE_A_B,met,90,B
1159,5ET1_A_C,met,216,A
1160,3TG1_A_B,met,181,B
1161,5EP6_A_B,met,690,B
1162,1GCQ_B_C,met,594,C
1163,3ZYI_A_B,met,250,A
1164,4YIZ_A_B,met,204,A
1165,4ONS_A_B,met,98,B
1166,4QRP_K_L,met,176,K
1167,1YRU_A_B,met,109,B
1168,4F48_A_B,met,51,A
1169,5IXD_A_B,met,263,B
1170,4AWX_A_B,met,5,B
1171,3G9V_A_B,met,172,B
1172,4V0N_D_C,met,417,D
1173,4JEG_A_B,met,171,A
1174,1R8S_A_E,met,216,E
1175,2LY4_A_B,met,40,B
1176,3D1M_A_D,met,919,D
1177,3UKZ_B_C,met,1,C
1178,4YDJ_HL_G,met,373,G
1179,2WY3_B_A,met,116,B
1180,1TMQ_A_B,met,510,B
1181,2Z8W_A_D,met,190,A
1182,4RWT_A_D,met,310,D
1183,3DVM_A_B,met,36,A
1184,3RGF_A_B,met,61,A
1185,5SZH_A_B,met,1,B
1186,4C9B_A_B,met,403,A
1187,4Q5U_A_C,met,51,A
1188,4ETW_A_B,met,149,A
1189,2G2W_A_B,met,129,A
1190,3I50_HL_E,met,77,E
1191,4NZW_A_B,met,175,A
1192,4CDK_A_E,met,192,A
1193,3PVM_A_B,met,506,B
1194,2LKM_A_B,met,228,B
1195,2WEL_A_D,met,52,D
1196,4CT0_A_B,met,1151,B
1197,2B42_B_A,met,318,A
1198,3GMW_A_B,met,69,A
1199,4KV5_C_D,met,104,D
1200,3GJ6_A_B,gly,78,A
1201,2PTC_E_I,gly,36,I
1202,2B12_A_B,gly,77,B
1203,4XNY_HL_G,gly,97,L
1204,3LIZ_HL_A,gly,236,A
1205,1ZHH_A_B,gly,180,B
1206,4HEP_A_G,gly,32,A
1207,3ZEU_D_E,gly,84,D
1208,3V6B_A_R,gly,196,R
1209,4BWQ_E_F,gly,249,F
1210,3LEV_L_H,gly,106,H
1211,4PJ2_A_D,gly,96,D
1212,1Y64_A_B,gly,146,A
1213,5F9O_HL_G,gly,429,G
1214,4KVN_HL_A,gly,50,L
1215,2PTC_E_I,gly,193,E
1216,1SMF_E_I,gly,193,E
1217,4Y5Y_DE_F,gly,103,D
1218,3OJM_A_B,gly,316,B
1219,4XVT_HL_G,gly,459,G
1220,4TSC_HL_A,gly,98,H
1221,1S1Q_A_B,gly,107,A
1222,4IOP_A_B,gly,144,A
1223,4YFL_FI_E,gly,471,E
1224,2XPX_A_B,gly,72,B
1225,3R1G_HL_B,gly,31,H
1226,1W1W_B_F,gly,22,B
1227,2Y5B_A_B,gly,471,A
1228,1OYV_B_I,gly,102,B
1229,5DMI_HL_A,gly,63,A
1230,5K8Q_A_B,gly,59,A
1231,1Y64_A_B,gly,23,A
1232,3WKT_A_C,gly,89,A
1233,1OP9_A_B,gly,100,A
1234,2PSM_A_F,gly,39,F
1235,4HFU_HL_A,gly,55,H
1236,4EDX_HL_V,gly,23,V
1237,4F9P_A_B,gly,127,B
1238,4OM1_HL_G,gly,367,G
1239,1JK9_B_A,gly,150,A
1240,3TT1_HL_B,gly,54,H
1241,1YVB_A_I,gly,57,I
1242,5TH9_HL_A,gly,54,H
1243,4RWY_HL_A,gly,55,H
1244,3H8K_A_B,gly,23,A
1245,4OM1_HL_G,gly,473,G
1246,5VJQ_GH_L,gly,16,L
1247,5H35_FG_E,gly,28,F
1248,2UZI_HL_R,gly,99,H
1249,3P95_A_E,gly,36,E
1250,3VG9_CB_A,gly,93,B
1251,1R0R_E_I,gly,102,E
1252,3NCC_A_B,gly,138,B
1253,4QRP_K_L,gly,47,L
1254,1FAK_HL_T,gly,78,L
1255,1ZLI_A_B,gly,44,B
1256,3O6B_A_B,gly,808,B
1257,2R9P_A_E,gly,37,E
1258,2B12_A_B,gly,192,A
1259,3MA2_D_C,gly,197,D
1260,4V0N_D_C,gly,398,D
1261,5TZU_HL_C,gly,33,H
1262,1TMQ_A_B,gly,610,B
1263,5HVG_A_B,gly,31,B
1264,1ZHI_A_B,gly,64,A
1265,3M18_A_B,gly,214,A
1266,1J2J_A_B,gly,50,A
1267,5D1Z_DC_I,gly,109,D
1268,4MI8_A_C,gly,86,A
1269,4HT1_HL_T,gly,100,H
1270,2MCN_A_B,gly,10,B
1271,4UDM_B_A,gly,30,A
1272,2A6D_L_H,gly,135,H
1273,4S1R_HL_G,gly,56,H
1274,2M5B_A_B,gly,94,B
1275,3RGV_A_B,gly,40,B
1276,4C9B_A_B,gly,131,B
1277,2ES4_A_D,gly,294,A
1278,3LEV_L_H,gly,100,L
1279,1FSK_BC_A,gly,99,C
1280,5AJJ_A_B,gly,94,B
1281,4M5F_A_B,gly,187,A
1282,2LFW_A_B,gly,4,A
1283,4HCP_A_B,gly,210,A
1284,2YVJ_A_B,gly,53,B
1285,2P44_A_B,gly,112,A
1286,1WEJ_HL_F,gly,37,F
1287,4JEH_A_B,gly,227,B
1288,5UG0_DC_A,gly,143,A
1289,3DI2_A_B,gly,85,A
1290,2MZD_A_B,gly,6,A
1291,4FFY_HL_A,gly,383,A
1292,4C9B_A_B,gly,130,B
1293,4QRP_K_L,gly,182,L
1294,2LQH_A_B,gly,125,B
1295,4N7Z_A_B,gly,238,B
1296,1TE1_A_B,gly,129,B
1297,1TH1_A_C,gly,422,A
1298,1TZI_BA_V,gly,55,B
1299,3SGB_E_I,gly,172,E
1300,1Y1K_E_I,gly,128,E
1301,3BP8_AB_C,gly,66,C
1302,6BDZ_HL_A,gly,121,H
1303,1TE1_A_B,gly,21,B
1304,4LST_HL_G,gly,458,G
1305,1G9I_E_I,gly,216,E
1306,1Y4D_E_I,gly,154,E
1307,3VLB_A_B,gly,324,A
1308,2MRO_A_B,gly,47,A
1309,1H0D_BA_C,gly,53,B
1310,3CX8_A_B,gly,443,B
1311,4HGK_A_D,gly,328,A
1312,2X9A_D_C,gly,341,D
1313,3TGK_E_I,gly,37,I
1314,3WO3_A_B,gly,59,A
1315,3TSR_A_E,gly,89,A
1316,1NW9_B_A,gly,305,A
1317,1LDT_T_L,gly,193,T
1318,5WB9_HL_G,gly,458,G
1319,3O2D_HL_A,gly,56,H
1320,1PKQ_GF_J,gly,95,G
1321,6CMG_CB_A,gly,506,A
1322,3AU4_A_B,gly,2003,A
1323,2OMY_A_B,gly,15,B
1324,1Y1K_E_I,gly,154,E
1325,4F0A_A_B,gly,188,B
1326,5D96_JI_D,gly,143,D
1327,2L0F_A_B,gly,47,A
1328,1XD3_A_B,gly,155,A
1329,2FTL_E_I,gly,193,E
1330,5K9O_HL_I,gly,349,I
1331,6AZZ_CB_A,gly,110,A
1332,1AVA_A_C,gly,105,C
1333,2G2U_A_B,gly,158,B
1334,4S1R_HL_G,gly,459,G
1335,3H6S_A_E,gly,22,E
1336,2ES4_A_D,gly,77,A
1337,3BN9_FE_A,gly,92,E
1338,1BVN_P_T,gly,309,P
1339,5TRU_HL_C,gly,30,L
1340,2B2X_HL_A,gly,221,A
1341,2NYZ_AB_D,gly,83,B
1342,3AAA_AB_C,gly,140,B
1343,4WEN_A_B,gly,56,A
1344,1MCV_A_I,gly,190,A
1345,5W08_OP_E,gly,109,O
1346,5W6G_HL_A,gly,32,L
1347,2JEL_HL_P,gly,97,H
1348,3WQB_A_B,gly,512,A
1349,4LAD_A_B,gly,27,A
1350,4LSU_HL_G,gly,472,G
1351,2SNI_E_I,gly,83,I
1352,1TM4_E_I,gly,128,E
1353,1B27_A_D,gly,44,D
1354,2FTL_E_I,gly,142,E
1355,4YDK_HL_G,gly,55,H
1356,5XBM_BA_C,gly,399,C
1357,5J57_A_B,gly,114,B
1358,4LVN_CB_A,gly,395,A
1359,4K0A_A_R,gly,366,A
1360,1YRT_A_B,gly,339,A
1361,4HF5_HL_A,gly,135,A
1362,2Y8T_A_B,gly,1307,B
1363,1B27_A_D,gly,32,D
1364,1VFB_AB_C,gly,117,C
1365,3C9A_B_D,gly,90,D
1366,3OIQ_A_B,gly,137,A
1367,3QUM_KM_Q,gly,29,M
1368,4S1S_HL_G,gly,458,G
1369,1EZU_C_AB,gly,68,A
1370,2OT3_B_A,gly,28,B
1371,3FII_A_B,gly,53,A
1372,3K1R_A_B,gly,104,A
1373,1ZJD_A_B,gly,36,B
1374,1YC0_A_I,gly,541,A
1375,1A2Y_BA_C,gly,31,B
1376,2LFW_A_B,gly,29,B
1377,2OT8_A_C,gly,57,C
1378,4KT3_A_B,gly,146,A
1379,4PLO_B_A,gly,803,B
1380,5HPY_A_B,gly,238,A
1381,2VH5_HL_R,gly,99,H
1382,4QVF_A_B,gly,138,A
1383,2B42_B_A,gly,294,A
1384,1BGX_HL_T,gly,26,H
1385,3KJ4_HL_A,gly,95,A
1386,1VG0_A_B,gly,42,B
1387,2A6D_L_H,gly,101,L
1388,1SYX_A_B,gly,122,A
1389,4DKF_HL_A,gly,54,H
1390,4Y5V_DE_F,gly,103,D
1391,2J7P_A_D,gly,108,A
1392,4TNW_IO_D,gly,57,I
1393,4RT6_A_B,gly,767,A
1394,2LQH_A_B,gly,130,B
1395,4QLP_A_B,gly,732,B
1396,2AQ3_A_B,gly,51,A
1397,2G81_E_I,gly,216,E
1398,3UYP_A_B,gly,165,A
1399,4HC1_MN_B,gly,30,N
1400,4CPA_A_I,lys,239,A
1401,1LFD_B_A,lys,52,A
1402,4PW9_A_B,lys,261,A
1403,1M10_A_B,lys,599,A
1404,1Y64_A_B,lys,1405,B
1405,5IOH_A_B,lys,168,A
1406,2LP0_A_B,lys,74,A
1407,2L1L_A_B,lys,568,B
1408,1F6M_A_C,lys,39,A
1409,3BLH_A_B,lys,68,A
1410,2LP4_A_Y,lys,109,Y
1411,1G9M_HL_G,lys,421,G
1412,3VG9_CB_A,lys,301,A
1413,3N06_A_B,lys,69,A
1414,4A49_A_B,lys,8,B
1415,3C59_A_B,lys,12,B
1416,4YIZ_A_B,lys,146,A
1417,2ONL_A_C,lys,371,C
1418,4BZ2_HL_A,lys,310,A
1419,2HQW_A_B,lys,876,B
1420,3RGF_A_B,lys,79,B
1421,4PZ6_A_Q,lys,161,A
1422,3WKM_IM_B,lys,215,B
1423,3W8I_A_B,lys,398,B
1424,4H03_A_B,lys,113,B
1425,4UT6_IM_B,lys,247,B
1426,5TE7_HL_G,lys,460,G
1427,1FC2_C_D,lys,154,C
1428,5DUM_HL_A,lys,161,A
1429,3UL0_B_C,lys,20,C
1430,4BFI_A_B,lys,100,B
1431,4IZ7_A_B,lys,259,A
1432,4IKA_A_D,lys,315,A
1433,4C9B_A_B,lys,74,A
1434,4YVQ_A_C,lys,447,A
1435,4HCN_A_B,lys,212,A
1436,3CX8_A_B,lys,480,B
1437,2BE6_A_D,lys,75,A
1438,1K5D_AB_C,lys,71,A
1439,3GXU_A_B,lys,60,B
1440,3CX5_JK_E,lys,148,E
1441,3L9J_C_T,lys,65,T
1442,3CX6_A_B,lys,231,A
1443,2W84_A_B,lys,34,A
1444,4Y5X_JK_L,lys,106,J
1445,1SV0_A_C,lys,140,C
1446,4EUK_A_B,lys,787,A
1447,3FIE_A_C,lys,146,A
1448,5D1L_A_B,lys,8,A
1449,1Y64_A_B,lys,1412,B
1450,3LBX_A_B,lys,48,A
1451,2MLX_B_A,lys,287,A
1452,2ONL_A_C,lys,307,C
1453,2MTA_HL_A,lys,74,A
1454,1OSP_HL_O,lys,69,O
1455,2B4J_AB_C,lys,407,C
1456,1DFJ_E_I,lys,66,E
1457,3AAA_AB_C,lys,11,C
1458,4ONS_A_B,lys,74,A
1459,2W81_A_D,lys,264,D
1460,4YOC_A_C,lys,1115,A
1461,4ZXB_CD_E,lys,474,E
1462,1Y64_A_B,lys,1410,B
1463,1AHW_AB_C,lys,165,C
1464,2B42_B_A,lys,315,A
1465,2HD5_A_B,lys,48,B
1466,1H0D_BA_C,lys,40,C
1467,2MBB_A_B,lys,90,A
1468,2HSQ_A_B,lys,571,B
1469,3ZRZ_A_C,lys,143,A
1470,3P71_T_C,lys,62,T
1471,5UEA_HL_D,lys,99,H
1472,3GB8_A_B,lys,144,B
1473,1T44_G_A,lys,150,G
1474,3U9Z_A_C,lys,13,C
1475,2Q5D_A_C,lys,857,A
1476,3N06_A_B,lys,181,A
1477,4C9B_A_B,lys,172,B
1478,3BRT_A_B,lys,96,B
1479,2QC1_A_B,lys,70,A
1480,2PCC_A_B,lys,86,B
1481,2I9L_HG_L,lys,155,L
1482,3OXU_B_F,lys,120,B
1483,5UOE_PQ_C,lys,512,C
1484,4Q5U_A_C,lys,405,C
1485,5YOY_HE_C,lys,65,C
1486,3RO2_A_B,lys,29,A
1487,2HEV_F_R,lys,146,F
1488,2YGG_A_B,lys,76,B
1489,4BFI_A_B,lys,63,A
1490,4A49_A_B,lys,382,A
1491,4GAF_B_A,lys,12,B
1492,2AQ3_A_B,lys,66,A
1493,3JZA_A_B,lys,438,B
1494,5FVK_A_C,lys,59,A
1495,4GEH_A_B,lys,70,A
1496,3DVM_A_B,lys,75,A
1497,1YJD_HL_C,lys,63,C
1498,3CQG_A_B,lys,968,B
1499,3GS2_A_B,lys,261,A
1500,1SHY_A_B,lys,516,A
1501,4LU5_IM_A,lys,57,I
1502,2B4J_AB_C,lys,127,B
1503,5D71_HL_A,lys,31,L
1504,2Q5D_A_C,lys,34,C
1505,5EP6_A_B,lys,691,B
1506,5EO9_A_B,lys,103,A
1507,2ONL_A_C,lys,121,A
1508,3SKU_A_D,lys,75,D
1509,5KVD_HL_E,lys,373,E
1510,4ZGQ_A_B,lys,127,A
1511,1Y64_A_B,lys,1639,B
1512,2WY3_B_A,lys,152,A
1513,2ONL_A_C,lys,77,C
1514,1G9I_E_I,lys,311,I
1515,5T33_HL_G,lys,99,H
1516,1SHZ_A_C,lys,231,A
1517,4JEU_A_B,lys,2,B
1518,2BDN_HL_A,lys,56,A
1519,3AAD_A_B,lys,1463,A
1520,2VLN_A_B,lys,89,B
1521,5LQB_HL_A,lys,52,A
1522,4IOP_A_B,lys,164,A
1523,3KJ2_A_B,lys,234,A
1524,1BGX_HL_T,lys,314,T
1525,5CTR_A_C,lys,529,A
1526,2UZI_HL_R,lys,56,H
1527,4HGM_B_A,lys,233,B
1528,1IRA_Y_X,lys,295,Y
1529,5FVK_A_C,lys,51,A
1530,1OEY_A_J,lys,382,A
1531,3UZE_A_C,lys,309,C
1532,4N7Z_A_B,lys,699,A
1533,3UZQ_A_B,lys,363,B
1534,5KAQ_FG_C,lys,387,C
1535,4BOH_B_A,lys,532,A
1536,3IDB_A_B,lys,83,A
1537,5J28_A_C,lys,168,A
1538,2ONL_A_C,lys,385,C
1539,3C4O_A_B,lys,111,A
1540,1Z92_A_B,lys,64,A
1541,3DI2_A_B,lys,81,A
1542,4PVZ_A_C,lys,129,C
1543,4H5S_A_B,lys,49,B
1544,1F51_AB_E,lys,1304,E
1545,3MXW_LH_A,lys,178,A
1546,4M1L_A_B,lys,395,B
1547,2HSQ_A_B,lys,579,B
1548,2YPV_HL_A,lys,241,A
1549,3GB8_A_B,lys,128,B
1550,1Y8N_A_B,lys,51,A
1551,1EAW_A_B,lys,15,B
1552,1XU1_ABD_T,lys,98,T
1553,3VI4_FE_B,lys,85,B
1554,2B12_A_B,lys,73,B
1555,2PCB_A_B,lys,8,B
1556,3U9Z_A_C,lys,31,C
1557,2KWK_B_A,lys,4,B
1558,5GMQ_BC_A,lys,543,A
1559,1G0V_A_B,lys,31,B
1560,2BYM_A_B,lys,48,A
1561,3UZQ_A_B,lys,310,B
1562,2RF9_A_C,lys,336,C
1563,6B08_CB_A,lys,90,A
1564,5LQB_HL_A,lys,63,A
1565,5GLH_A_B,lys,9,B
1566,4YC7_A_B,lys,48,B
1567,4BKX_A_B,lys,165,B
1568,4PVZ_A_C,lys,115,C
1569,4CDK_A_E,lys,199,A
1570,3NCC_A_B,lys,69,A
1571,4WV1_BA_C,lys,158,C
1572,4YDJ_HL_G,lys,421,G
1573,5UDC_EG_D,lys,209,D
1574,5IXD_A_B,lys,269,A
1575,1UUZ_A_D,lys,33,D
1576,2OT3_B_A,lys,21,B
1577,2Y5B_A_B,lys,307,A
1578,4M5F_A_B,lys,58,B
1579,2G2W_A_B,lys,111,A
1580,3DI3_A_B,lys,81,A
1581,3JZA_A_B,lys,380,B
1582,4AFQ_A_C,lys,28,A
1583,2M0J_A_B,lys,75,A
1584,1ATN_A_D,lys,61,A
1585,2V4Z_A_B,lys,180,A
1586,3UZ0_A_B,lys,120,B
1587,3BLH_A_B,lys,93,B
1588,3SF4_A_D,lys,29,A
1589,2P8Q_A_B,lys,32,B
1590,2LQH_A_B,lys,82,A
1591,2VLP_A_B,lys,97,B
1592,3IXE_A_B,lys,141,A
1593,4AYD_A_D,lys,405,A
1594,3QWQ_A_B,lys,79,B
1595,4UEM_A_B,lys,281,A
1596,4LMQ_HL_D,lys,43,D
1597,3G9W_A_D,lys,327,A
1598,4REY_A_B,lys,56,A
1599,1AKJ_AB_DE,lys,58,B
1600,4G01_A_B,asp,185,A
1601,1K93_A_D,asp,93,D
1602,1DJS_A_B,asp,247,A
1603,4F9L_A_B,asp,120,B
1604,4KT3_A_B,asp,154,B
1605,5KVE_HL_E,asp,384,E
1606,6AZZ_CB_A,asp,54,C
1607,2B7C_A_B,asp,91,A
1608,3GNI_A_B,asp,140,B
1609,4RT6_A_B,asp,551,A
1610,5WB9_HL_G,asp,457,G
1611,4XLW_A_B,asp,193,B
1612,4K9E_HL_C,asp,332,C
1613,6CMG_CB_A,asp,302,A
1614,2C1T_A_C,asp,286,A
1615,2X1X_E_R,asp,257,R
1616,3RZW_D_A,asp,77,A
1617,3GRW_HL_A,asp,100,H
1618,3GXU_A_B,asp,33,A
1619,5GMQ_BC_A,asp,102,B
1620,5GGS_AB_Z,asp,97,B
1621,4C9B_A_B,asp,273,A
1622,2ONL_A_C,asp,125,A
1623,2O3B_A_B,asp,95,A
1624,3VLB_A_B,asp,354,A
1625,1DFJ_E_I,asp,38,E
1626,4XP4_HL_A,asp,599,A
1627,3UX9_A_B,asp,35,A
1628,5DFW_A_H,asp,137,A
1629,2H9G_BA_R,asp,37,R
1630,5B75_A_B,asp,282,A
1631,5IMT_A_D,asp,502,A
1632,3UZQ_A_B,asp,32,A
1633,3EAB_A_G,asp,186,G
1634,2XGY_A_B,asp,90,A
1635,3CQC_A_B,asp,917,A
1636,1T6B_X_Y,asp,152,Y
1637,2XNS_B_D,asp,530,D
1638,4IJ3_CB_A,asp,98,C
1639,1EO8_HL_A,asp,63,A
1640,1RY7_A_B,asp,155,A
1641,3PNR_A_B,asp,234,A
1642,5AJJ_A_B,asp,98,B
1643,4KV5_C_D,asp,27,C
1644,1OGY_A_B,asp,68,A
1645,4JDT_HL_G,asp,457,G
1646,5TZ2_HL_C,asp,46,C
1647,1EER_A_BC,asp,61,B
1648,1EER_A_BC,asp,96,A
1649,1BVK_DE_F,asp,119,F
1650,1SQ0_A_B,asp,175,B
1651,1NF3_A_C,asp,38,A
1652,5XBM_BA_C,asp,394,C
1653,4HKX_AB_E,asp,107,A
1654,3SE9_HL_G,asp,368,G
1655,4C2A_A_B,asp,175,B
1656,5HBT_DC_B,asp,54,D
1657,1OFU_XY_A,asp,270,A
1658,5DFV_EF_B,asp,394,E
1659,1WQ1_R_G,asp,92,R
1660,1ZJD_A_B,asp,46,B
1661,5F3X_A_B,asp,420,B
1662,4DBG_A_B,asp,63,A
1663,4QRP_K_L,asp,113,L
1664,3TG1_A_B,asp,161,A
1665,2VOI_A_B,asp,95,B
1666,4JPW_HL_G,asp,457,G
1667,4C9B_A_B,asp,266,A
1668,4IJ3_CB_A,asp,54,C
1669,5AJJ_A_B,asp,122,A
1670,2NBV_A_B,asp,78,A
1671,1PVH_A_B,asp,120,B
1672,1FBI_HL_X,asp,52,H
1673,5KVF_HL_E,asp,98,H
1674,3U9Z_A_C,asp,25,A
1675,5USH_HL_X,asp,112,X
1676,5GS0_FE_B,asp,92,E
1677,4YC7_A_B,asp,62,A
1678,3CQC_A_B,asp,879,A
1679,4WWI_A_D,asp,37,A
1680,4TQ0_A_B,asp,10,A
1681,2EFH_A_B,asp,125,A
1682,2IH3_AB_C,asp,102,A
1683,2R0K_HL_A,asp,100,A
1684,4ZS6_CD_B,asp,539,B
1685,4QRP_K_L,asp,186,L
1686,2MNU_A_B,asp,72,A
1687,4DG4_A_E,asp,194,A
1688,3UKW_B_C,asp,270,B
1689,3FIE_A_C,asp,17,A
1690,5TE7_HL_G,asp,368,G
1691,3IFQ_A_C,asp,674,C
1692,5INB_A_B,asp,286,A
1693,3SOB_HL_B,asp,98,B
1694,3JZA_A_B,asp,16,A
1695,1JTG_B_A,asp,49,B
1696,4XL1_A_B,asp,469,A
1697,3GB8_A_B,asp,624,A
1698,3S35_HL_X,asp,295,X
1699,5W2B_HL_A,asp,682,A
1700,6AYZ_RC_M,asp,52,M
1701,1P6A_A_B,asp,56,B
1702,1XQH_A_B,asp,338,A
1703,1JWH_CD_A,asp,37,A
1704,2Y9M_A_B,asp,119,B
1705,2Z58_A_B,asp,63,B
1706,1R8S_A_E,asp,26,A
1707,3R85_A_E,asp,170,E
1708,1TM4_E_I,asp,99,E
1709,3P71_T_C,asp,306,C
1710,3WO3_A_B,asp,23,A
1711,4G6V_A_B,asp,214,A
1712,3K9M_A_C,asp,22,A
1713,3RT0_A_C,asp,78,C
1714,4DTG_HL_K,asp,33,L
1715,4XP4_HL_A,asp,509,A
1716,4U6H_AB_E,asp,62,E
1717,3KLS_A_X,asp,195,X
1718,2UYZ_A_B,asp,86,B
1719,1OFU_XY_A,asp,210,A
1720,5EN2_AB_C,asp,56,A
1721,1EWY_A_C,asp,67,C
1722,4LSU_HL_G,asp,457,G
1723,4CNI_HL_C,asp,28,L
1724,3L95_HL_Y,asp,28,L
1725,2KT5_A_B,asp,62,A
1726,1L4D_A_B,asp,106,B
1727,3UKZ_B_C,asp,280,B
1728,1B6C_A_B,asp,37,A
1729,1SQ0_A_B,asp,560,A
1730,2VE7_A_C,asp,190,A
1731,3QHT_A_C,asp,80,C
1732,4YE4_HL_G,asp,109,H
1733,5UTZ_JK_I,asp,20,I
1734,4JPV_HL_G,asp,98,H
1735,3QWO_AB_C,asp,54,A
1736,3KUD_A_B,asp,38,A
1737,3AB0_BC_A,asp,122,A
1738,3KR3_HL_D,asp,15,D
1739,2WPT_A_B,asp,62,A
1740,1QA9_A_B,asp,33,B
1741,4DXA_A_B,asp,33,A
1742,3L89_ABC_M,asp,27,M
1743,4K1R_A_B,asp,354,A
1744,4Q96_D_E,asp,97,D
1745,1V18_A_B,asp,390,A
1746,1KXP_A_D,asp,286,A
1747,3LIZ_HL_A,asp,257,A
1748,4CVW_A_C,asp,621,A
1749,2I9B_E_A,asp,140,E
1750,4J2L_A_C,asp,612,A
1751,4HCR_HL_A,asp,33,L
1752,4CVW_A_C,asp,698,A
1753,1PJM_A_B,asp,280,B
1754,4GIQ_A_R,asp,45,R
1755,2J7P_A_D,asp,258,D
1756,1GP2_A_BG,asp,186,B
1757,3OUX_A_B,asp,390,A
1758,5DFV_EF_B,asp,290,E
1759,3IDC_A_B,asp,241,A
1760,1V18_A_B,asp,1486,B
1761,4ILW_A_D,asp,169,D
1762,1OPH_A_B,asp,194,B
1763,6BDZ_HL_A,asp,77,H
1764,1IB1_AB_E,asp,44,E
1765,1ADQ_HL_A,asp,31,H
1766,3IA3_A_D,asp,36,A
1767,6BIT_JL_G,asp,100,G
1768,2VLQ_A_B,asp,51,A
1769,3C66_A_C,asp,95,C
1770,1FJ1_DC_E,asp,101,D
1771,5XHV_PQ_A,asp,31,P
1772,2Y8S_A_B,asp,106,A
1773,2Z8V_A_D,asp,26,D
1774,2A1A_B_A,asp,83,A
1775,2FD6_HL_U,asp,55,H
1776,1B2S_A_D,asp,36,D
1777,2Z8V_A_D,asp,33,D
1778,6BPE_EF_D,asp,220,D
1779,3CX5_JK_E,asp,149,E
1780,1GXD_A_C,asp,579,A
1781,1DEE_A_B,asp,562,B
1782,5YY5_HL_A,asp,53,H
1783,3N85_HL_A,asp,395,A
1784,5BK1_CD_B,asp,41,B
1785,2WWX_A_B,asp,16,A
1786,5MHR_KJ_C,asp,365,C
1787,3G6D_LH_A,asp,91,L
1788,3ZKM_CD_B,asp,272,B
1789,4BQD_A_C,asp,13,A
1790,4F15_HI_G,asp,61,H
1791,2ARP_A_F,asp,153,F
1792,4FFV_DC_B,asp,98,B
1793,4H3P_A_B,asp,321,A
1794,2Z0E_A_B,asp,314,A
1795,3U8X_A_B,asp,25,A
1796,1DJS_A_B,asp,321,A
1797,4RX4_HL_G,asp,368,G
1798,3RO2_A_B,asp,1999,B
1799,4ZS6_CD_B,asp,92,D
1800,1UUG_A_B,ile,22,B
1801,1DHK_A_B,ile,235,A
1802,1G9M_HL_G,ile,423,G
1803,1EO8_HL_A,ile,62,A
1804,4QVF_A_B,ile,58,B
1805,4KUC_FE_I,ile,53,I
1806,5BN5_A_B,ile,245,B
1807,3TKL_A_B,ile,409,B
1808,1USV_A_B,ile,64,B
1809,5BN5_A_B,ile,356,B
1810,2HSQ_A_B,ile,566,B
1811,1DHK_A_B,ile,148,A
1812,4B1Y_B_M,ile,289,B
1813,5AYR_A_B,ile,83,B
1814,2WY8_A_Q,ile,41,Q
1815,1K93_A_D,ile,534,A
1816,4H6J_A_B,ile,364,B
1817,3W8I_A_B,ile,404,B
1818,3BX1_A_C,ile,107,A
1819,5DFV_EF_B,ile,292,E
1820,4OL0_A_B,ile,81,A
1821,5UEA_HL_D,ile,59,D
1822,3GC3_A_B,ile,66,B
1823,1CBW_ABC_D,ile,99,B
1824,1TM7_E_I,ile,56,I
1825,4AOR_A_D,ile,30,D
1826,2C0L_A_B,ile,567,A
1827,3BDY_HL_V,ile,83,V
1828,1TM3_E_I,ile,107,E
1829,1LW6_E_I,ile,49,I
1830,4ZKC_A_B,ile,42,B
1831,3GJ5_A_B,ile,867,B
1832,3AON_A_B,ile,160,A
1833,1E96_A_B,ile,111,B
1834,3VV2_A_B,ile,204,A
1835,3WKT_A_C,ile,150,C
1836,1AHW_AB_C,ile,59,B
1837,6BP2_HL_A,ile,125,A
1838,5K9O_HL_I,ile,103,H
1839,5SZI_A_B,ile,41,A
1840,4G6V_A_B,ile,3,B
1841,2WO3_A_B,ile,59,A
1842,5F3B_AB_C,ile,33,C
1843,1PPE_E_I,ile,6,I
1844,4UF1_A_B,ile,85,B
1845,1RKE_A_B,ile,109,A
1846,5JQ6_HL_A,ile,516,A
1847,4LYL_A_B,ile,22,B
1848,5GGS_AB_Z,ile,51,A
1849,1KKL_ABC_H,ile,198,A
1850,4DJ9_A_B,ile,115,A
1851,1BUH_A_B,ile,66,B
1852,2L1L_A_B,ile,19,A
1853,5AJJ_A_B,ile,140,A
1854,3HCU_A_B,ile,72,A
1855,1YRT_A_B,ile,238,A
1856,4WNN_A_B,ile,79,A
1857,2W80_A_D,ile,179,D
1858,4RGO_HL_S,ile,190,S
1859,3EAB_A_G,ile,127,A
1860,4WNN_A_B,ile,80,A
1861,4HRL_C_A,ile,162,C
1862,2FJU_B_A,ile,24,B
1863,2OZA_B_A,ile,116,B
1864,4YL8_A_B,ile,245,A
1865,4BQD_A_C,ile,46,A
1866,4LGR_A_B,ile,102,B
1867,5G1X_A_B,ile,184,A
1868,5ABV_A_B,ile,96,A
1869,2BYK_A_B,ile,38,A
1870,2VE7_A_C,ile,230,A
1871,1PVH_A_B,ile,121,B
1872,4H6J_A_B,ile,324,A
1873,4XKL_A_B,ile,436,B
1874,4ETP_A_B,ile,338,A
1875,1GPW_A_B,ile,75,A
1876,4AP2_A_B,ile,208,A
1877,2RU4_A_B,ile,112,A
1878,2A78_A_B,ile,97,B
1879,4XXB_A_B,ile,297,B
1880,3REB_A_B,ile,91,A
1881,2NY1_DC_A,ile,423,A
1882,2OT3_B_A,ile,87,B
1883,1OPH_A_B,ile,356,A
1884,3WA0_A_G,ile,1484,G
1885,2XZE_B_R,ile,71,B
1886,4YPG_BA_C,ile,100,C
1887,4GN3_A_B,ile,98,A
1888,4HCN_A_B,ile,126,A
1889,2XPX_A_B,ile,57,A
1890,1LX5_A_B,ile,112,A
1891,2G77_A_B,ile,66,B
1892,1TZH_HL_V,ile,83,V
1893,3ZYJ_A_B,ile,284,B
1894,3PVM_A_B,ile,399,B
1895,4L0P_A_B,ile,109,A
1896,2KWI_A_B,ile,78,A
1897,3EO1_AB_CF,ile,54,B
1898,2J59_A_M,ile,1031,M
1899,3L33_A_E,ile,18,E
1900,2VOF_C_D,ile,144,D
1901,4G35_A_B,ile,8,B
1902,3ZKM_CD_B,ile,319,B
1903,2Y8S_A_B,ile,1305,B
1904,1GP2_A_BG,ile,184,A
1905,2I32_A_E,ile,461,E
1906,4FFV_DC_B,ile,95,B
1907,5IP4_A_E,ile,31,A
1908,1E4K_AB_C,ile,85,C
1909,4KR0_A_B,ile,295,A
1910,2VOI_A_B,ile,82,B
1911,2JBY_A_B,ile,80,B
1912,3BS5_A_B,ile,54,A
1913,4DN4_LH_M,ile,20,M
1914,5SZH_A_B,ile,609,A
1915,2V52_B_M,ile,289,B
1916,5C3F_A_B,ile,101,B
1917,4C7N_A_B,ile,7,A
1918,2O8V_A_B,ile,75,B
1919,3WRX_A_C,ile,91,A
1920,3PC8_A_C,ile,913,C
1921,2NBV_A_B,ile,75,A
1922,4CMM_A_B,ile,31,A
1923,3ZEU_D_E,ile,73,D
1924,4WNN_A_B,ile,97,B
1925,5AYR_A_B,ile,31,B
1926,2BE6_A_D,ile,1624,D
1927,1JMO_A_HL,ile,174,H
1928,2AST_A_B,ile,2108,B
1929,3LEV_L_H,ile,117,L
1930,4ZKC_A_B,ile,20,B
1931,3P9W_A_B,ile,91,A
1932,1ES0_A_B,ile,31,B
1933,1HE8_B_A,ile,36,B
1934,5XWD_HD_A,ile,467,A
1935,4ZRJ_A_B,ile,243,A
1936,4DZU_A_B,ile,176,A
1937,3G7A_A_B,ile,14,A
1938,4DJ9_A_B,ile,2081,B
1939,5UEM_HL_G,ile,73,H
1940,4FQI_HL_ABEFCD,ile,45,B
1941,3F7P_A_C,ile,1329,C
1942,2KWU_A_B,ile,685,A
1943,2X1X_E_R,ile,215,R
1944,3OHM_A_B,ile,189,A
1945,2I25_N_L,ile,58,L
1946,4Z5R_BA_N,ile,94,A
1947,3L89_ABC_M,ile,13,M
1948,1LX5_A_B,ile,64,B
1949,3F50_A_B,ile,14,A
1950,2OMX_A_B,ile,236,A
1951,2ES4_A_D,ile,195,D
1952,1T01_A_B,ile,37,A
1953,1MAH_A_F,ile,365,A
1954,2LD7_A_B,ile,189,A
1955,3MZW_A_B,ile,31,B
1956,6B0G_DC_E,ile,153,E
1957,3P71_T_C,ile,66,T
1958,4OJK_A_C,ile,76,A
1959,5AGX_A_D,ile,1,D
1960,3EOA_LH_I,ile,100,H
1961,2J59_A_M,ile,46,A
1962,1R0R_E_I,ile,107,E
1963,3BLH_A_B,ile,67,A
1964,3RPG_B_C,ile,26,B
1965,5C3F_A_B,ile,86,B
1966,2WY3_B_A,ile,109,B
1967,2W8B_A_H,ile,119,H
1968,2AYO_A_B,ile,204,A
1969,4BQD_A_C,ile,38,A
1970,5B77_A_B,ile,206,A
1971,4ZKC_A_B,ile,51,B
1972,4ZLT_B_F,ile,19,F
1973,5MVZ_HL_U,ile,50,H
1974,4XKL_A_B,ile,44,A
1975,4YDK_HL_G,ile,371,G
1976,4L0P_A_B,ile,38,A
1977,2MFQ_A_B,ile,515,B
1978,4TNW_IO_D,ile,53,O
1979,1KXP_A_D,ile,287,A
1980,5B76_A_B,ile,260,A
1981,4BYF_C_D,ile,86,D
1982,5JQ6_HL_A,ile,433,A
1983,4MYW_A_B,ile,80,B
1984,5DJU_B_A,ile,31,B
1985,1W1W_B_F,ile,1216,B
1986,3SJH_A_B,ile,345,A
1987,4QZV_A_B,ile,295,A
1988,1E6E_A_B,ile,376,A
1989,3BEG_A_B,ile,177,A
1990,2C1T_A_C,ile,505,A
1991,3G9W_A_D,ile,782,D
1992,3W8I_A_B,ile,62,A
1993,5F3H_AB_J,ile,94,J
1994,4ONS_A_B,ile,78,A
1995,4J2Y_A_B,ile,58,A
1996,2M86_A_B,ile,164,B
1997,3CPH_G_A,ile,53,A
1998,2X1X_E_R,ile,188,E
1999,1YDI_A_B,ile,20,A
2000,2IY1_A_B,gln,89,B
2001,3GB8_A_B,gln,663,A
2002,1BVN_P_T,gln,852,T
2003,3AU4_A_B,gln,1438,B
2004,2MLZ_B_A,gln,430,A
2005,1P6A_A_B,gln,496,A
2006,3V4Y_A_B,gln,198,A
2007,3N4I_A_B,gln,100,A
2008,2VIS_AB_C,gln,132,C
2009,3GRW_HL_A,gln,282,A
2010,1I4D_D_AB,gln,49,B
2011,3C4M_A_C,gln,37,A
2012,1TM7_E_I,gln,78,I
2013,5E95_B_A,gln,150,A
2014,2HLE_A_B,gln,109,B
2015,4LAD_A_B,gln,579,B
2016,4CT0_A_B,gln,1175,B
2017,5DUR_HL_C,gln,138,C
2018,4OD2_BA_S,gln,48,S
2019,3WO3_A_B,gln,103,A
2020,4LLO_A_B,gln,36,B
2021,2P47_A_B,gln,69,A
2022,5T5F_HL_A,gln,87,A
2023,5W1K_DC_E,gln,146,E
2024,3P71_T_C,gln,310,T
2025,4U4C_A_B,gln,460,A
2026,3N06_A_B,gln,73,A
2027,2VSM_A_B,gln,130,B
2028,3W9E_AB_C,gln,132,C
2029,5UEA_HL_D,gln,92,L
2030,2M5A_A_B,gln,32,A
2031,1T01_A_B,gln,19,A
2032,3B08_A_B,gln,49,A
2033,2XNS_B_D,gln,508,D
2034,3G6J_E_F,gln,160,E
2035,3O40_A_B,gln,180,A
2036,1SHZ_A_C,gln,226,A
2037,3O40_A_B,gln,27,B
2038,2P8Q_A_B,gln,774,A
2039,2FTL_E_I,gln,192,E
2040,3ZJY_E_D,gln,82,D
2041,2XQY_GL_A,gln,1,G
2042,4KT3_A_B,gln,70,B
2043,3ONW_A_C,gln,515,C
2044,5TUD_CB_A,gln,359,A
2045,1WQ1_R_G,gln,938,G
2046,5D7L_A_B,gln,93,A
2047,5FZT_A_B,gln,480,B
2048,4MP0_A_B,gln,294,A
2049,5XWD_HD_A,gln,384,A
2050,3F1P_A_B,gln,421,B
2051,1H0T_A_B,gln,9,A
2052,1OGY_A_B,gln,773,A
2053,1QFW_IM_AB,gln,50,A
2054,2Z7F_E_I,gln,70,I
2055,5JQ6_HL_A,gln,428,A
2056,3JZA_A_B,gln,60,A
2057,3ZJY_E_D,gln,53,E
2058,4DZU_A_B,gln,194,A
2059,5B78_A_B,gln,5,B
2060,4DH2_A_B,gln,98,A
2061,4QLP_A_B,gln,722,B
2062,3BRV_A_B,gln,730,A
2063,4JEU_A_B,gln,119,B
2064,5TH9_HL_A,gln,199,A
2065,3O43_A_B,gln,180,A
2066,1I4D_D_AB,gln,74,D
2067,5W6D_HL_G,gln,328,G
2068,2KXW_A_B,gln,1913,B
2069,4QLP_A_B,gln,762,B
2070,3GNI_A_B,gln,116,B
2071,1GCQ_B_C,gln,162,B
2072,1DHK_A_B,gln,19,B
2073,1Y1K_E_I,gln,103,E
2074,3F50_A_B,gln,7,A
2075,3G7A_A_B,gln,22,A
2076,3D5R_A_C,gln,62,C
2077,4YFL_FI_E,gln,64,F
2078,1P2C_AB_C,gln,641,C
2079,2RU4_A_B,gln,16,A
2080,3C9A_B_D,gln,357,B
2081,3G3B_A_B,gln,81,A
2082,3O43_A_B,gln,28,B
2083,5B76_A_B,gln,5,B
2084,5BJZ_CL_A,gln,28,L
2085,1W1W_B_F,gln,544,F
2086,4U0Q_A_B,gln,164,B
2087,3ZWL_B_E,gln,304,B
2088,1R6Q_A_C,gln,119,A
2089,5JMC_A_B,gln,558,B
2090,2NR6_FE_B,gln,102,F
2091,4HCP_A_B,gln,40,B
2092,3UKZ_B_C,gln,14,C
2093,5D1L_A_B,gln,245,B
2094,4AYE_A_D,gln,103,D
2095,1H9D_A_B,gln,67,B
2096,2I3T_A_B,gln,195,A
2097,2ARP_A_F,gln,154,F
2098,4PQT_A_B,gln,40,B
2099,4EUK_A_B,gln,799,A
2100,3E2K_A_D,gln,128,A
2101,2AYO_A_B,gln,2,B
2102,4KUC_FE_I,gln,112,I
2103,6FAX_HL_R,gln,36,R
2104,4K24_A_U,gln,40,A
2105,4CVW_A_C,gln,574,A
2106,4NNP_HL_A,gln,239,A
2107,5F3X_A_B,gln,361,B
2108,2Z3Q_A_B,gln,48,A
2109,3GQI_A_B,gln,764,A
2110,5J4A_A_B,gln,253,A
2111,3GS2_A_B,gln,238,B
2112,5GGS_AB_Z,gln,75,Z
2113,5VIG_AB_G,gln,350,G
2114,3CH5_A_B,gln,733,B
2115,1BRS_A_D,gln,104,A
2116,1IJK_A_BC,gln,668,A
2117,1FJ1_DC_E,gln,55,C
2118,2L14_A_B,gln,2096,A
2119,4AOQ_A_D,gln,197,A
2120,4S1S_HL_G,gln,56,H
2121,3KW5_A_B,gln,40,B
2122,1DE4_AB_CF,gln,64,A
2123,2AW2_A_B,gln,37,A
2124,5D72_MN_B,gln,20,B
2125,2NZ8_A_B,gln,61,A
2126,1F34_A_B,gln,1,B
2127,1RKE_A_B,gln,994,B
2128,1TDQ_A_B,gln,55,B
2129,4A94_A_D,gln,39,D
2130,4CNI_HL_C,gln,154,C
2131,4H3P_A_B,gln,132,A
2132,2Y5B_A_B,gln,125,B
2133,4NIQ_A_C,gln,15,A
2134,2Z0E_A_B,gln,116,B
2135,5DFV_EF_B,gln,129,B
2136,2VSM_A_B,gln,559,A
2137,4Q96_D_E,gln,68,E
2138,1TM3_E_I,gln,78,I
2139,3ZYJ_A_B,gln,252,A
2140,3K6G_A_D,gln,310,D
2141,3IXE_A_B,gln,40,B
2142,2OMV_A_B,gln,190,A
2143,3GB8_A_B,gln,581,A
2144,3OJ2_A_C,gln,285,C
2145,2OUL_A_B,gln,19,A
2146,3B08_A_B,gln,196,B
2147,4CJ0_A_B,gln,35,B
2148,5TUD_CB_A,gln,355,A
2149,2G45_A_B,gln,40,B
2150,1PPE_E_I,gln,192,E
2151,2MLX_B_A,gln,274,B
2152,4Y61_A_B,gln,140,B
2153,4DS8_A_B,gln,386,B
2154,2PSM_A_F,gln,48,A
2155,5LI1_A_B,gln,11,B
2156,4LU5_IM_A,gln,173,A
2157,5F3H_AB_J,gln,92,J
2158,3CX8_A_B,gln,169,A
2159,5BK2_CD_B,gln,49,B
2160,3BN9_FE_A,gln,174,A
2161,3WN7_A_B,gln,26,B
2162,2X89_F_G,gln,89,G
2163,1WDW_BD_A,gln,52,A
2164,4CMM_A_B,gln,52,A
2165,1WPX_A_B,gln,564,B
2166,1PKQ_GF_J,gln,2,J
2167,2GAF_D_A,gln,259,D
2168,4F2M_CD_F,gln,530,F
2169,3WKM_IM_B,gln,100,I
2170,2J7P_A_D,gln,148,D
2171,4DM8_A_C,gln,259,A
2172,2YVJ_A_B,gln,295,A
2173,1FFW_A_B,gln,100,A
2174,4L0P_A_B,gln,119,B
2175,4NOO_A_B,gln,43,B
2176,2Y5B_A_B,gln,116,B
2177,3HMX_LH_AB,gln,103,H
2178,4NOO_A_B,gln,942,A
2179,1Y64_A_B,gln,360,A
2180,1U0S_Y_A,gln,86,Y
2181,5UTZ_JK_I,gln,74,I
2182,5HVF_A_B,gln,292,A
2183,4BRU_A_B,gln,108,B
2184,4CT0_A_B,gln,317,A
2185,3HMX_LH_AB,gln,56,A
2186,2KNB_A_B,gln,74,A
2187,3SO3_CB_A,gln,192,A
2188,3WQB_A_B,gln,152,A
2189,3E2U_A_E,gln,91,A
2190,1GP2_A_BG,gln,75,B
2191,3T6G_A_B,gln,802,B
2192,1DQJ_AB_C,gln,53,A
2193,2W8B_A_H,gln,335,A
2194,1BJ1_HL_VW,gln,89,W
2195,4ZS7_HL_A,gln,175,A
2196,4CNI_HL_C,gln,57,H
2197,4PBW_B_E,gln,255,B
2198,1T5Z_A_B,gln,738,A
2199,3TGK_E_I,gln,192,E
2200,5DMI_HL_A,glu,64,A
2201,2B0Z_A_B,glu,201,A
2202,3QML_A_C,glu,160,C
2203,2N1D_A_B,glu,102,A
2204,3UZQ_A_B,glu,362,B
2205,3TU3_A_B,glu,30,A
2206,4OVN_A_F,glu,1901,F
2207,2A6D_L_H,glu,123,L
2208,4Y61_A_B,glu,244,B
2209,5VIG_AB_G,glu,370,G
2210,3ALZ_A_B,glu,503,A
2211,4D3C_HL_A,glu,159,A
2212,2JGZ_A_B,glu,265,B
2213,2MLZ_B_A,glu,404,A
2214,2JKI_A_S,glu,146,A
2215,3GMW_A_B,glu,110,A
2216,1SHZ_A_C,glu,27,C
2217,4Q96_D_E,glu,82,D
2218,3LAQ_A_U,glu,68,U
2219,4G6U_A_B,glu,243,A
2220,5W08_OP_E,glu,52,P
2221,5KVG_HL_E,glu,370,E
2222,4IKA_A_D,glu,343,A
2223,4XNY_HL_G,glu,370,G
2224,2HQW_A_B,glu,11,A
2225,5LXM_A_D,glu,183,A
2226,1WQ1_R_G,glu,799,G
2227,4MJS_A_B,glu,78,A
2228,2OMW_A_B,glu,170,A
2229,3TSR_A_E,glu,439,E
2230,3H11_BC_A,glu,381,B
2231,5D72_MN_B,glu,52,M
2232,5TE7_HL_G,glu,370,G
2233,4QHU_BA_D,glu,57,D
2234,2M04_A_B,glu,193,A
2235,4OYD_A_B,glu,46,B
2236,2ASS_A_B,glu,1149,A
2237,4Y5X_JK_L,glu,62,L
2238,5F9W_HL_G,glu,370,G
2239,2BYM_A_B,glu,41,A
2240,3VG9_CB_A,glu,228,A
2241,3M63_A_B,glu,49,A
2242,5LI1_A_B,glu,294,A
2243,3V96_A_B,glu,67,A
2244,6AOD_BA_C,glu,579,C
2245,2K2S_A_B,glu,59,B
2246,5DO2_CD_B,glu,536,B
2247,4KT3_A_B,glu,69,A
2248,1QFU_HL_A,glu,81,L
2249,4CC4_A_B,glu,1553,B
2250,6BDZ_HL_A,glu,482,A
2251,5KVG_HL_E,glu,95,H
2252,3RGF_A_B,glu,144,B
2253,3GNI_A_B,glu,27,A
2254,3N85_HL_A,glu,485,A
2255,4CT0_A_B,glu,325,A
2256,1ADQ_HL_A,glu,1,H
2257,4YOC_A_C,glu,1391,A
2258,4QT8_A_C,glu,289,A
2259,2NR6_FE_B,glu,86,B
2260,2XHE_A_B,glu,251,B
2261,3UYP_A_B,glu,102,A
2262,4NZR_HL_M,glu,81,L
2263,1T5Z_A_B,glu,897,A
2264,1H59_A_B,glu,9,A
2265,3AU4_A_B,glu,1756,A
2266,4EKD_A_B,glu,119,A
2267,3UC0_IM_B,glu,107,I
2268,3L89_ABC_M,glu,208,A
2269,6B9J_HL_X,glu,99,H
2270,4WND_A_B,glu,1003,B
2271,3N0P_A_B,glu,18,B
2272,3P9W_A_B,glu,93,A
2273,2OZ4_HL_A,glu,373,A
2274,2ARP_A_F,glu,111,A
2275,4KJY_A_B,glu,106,A
2276,4XNZ_EF_D,glu,370,D
2277,3G6D_LH_A,glu,109,A
2278,3RO2_A_B,glu,2002,B
2279,5HPY_A_B,glu,93,B
2280,4F37_HL_A,glu,108,H
2281,2HQW_A_B,glu,14,A
2282,1SQ0_A_B,glu,596,A
2283,2MLX_B_A,glu,269,A
2284,1Z0K_A_B,glu,30,A
2285,3QBV_A_B,glu,1373,B
2286,2V52_B_M,glu,334,B
2287,1TM4_E_I,glu,60,I
2288,2GTP_A_D,glu,236,A
2289,4OYD_A_B,glu,89,A
2290,3TG1_A_B,glu,163,A
2291,4LZX_A_B,glu,124,A
2292,3SRI_A_B,glu,230,A
2293,1Z0K_A_B,glu,481,B
2294,1FSK_BC_A,glu,45,A
2295,2LKM_A_B,glu,223,B
2296,4WEU_D_B,glu,117,B
2297,4YVQ_A_C,glu,300,C
2298,4K24_A_U,glu,42,U
2299,4EOZ_A_B,glu,242,A
2300,4S1R_HL_G,glu,96,L
2301,3K1R_A_B,glu,388,B
2302,2RVB_A_B,glu,125,A
2303,5F9W_HL_G,glu,99,H
2304,4M1L_A_B,glu,88,A
2305,2W8B_A_H,glu,111,H
2306,5IP4_A_E,glu,99,A
2307,1Z3G_IM_B,glu,75,B
2308,1OGY_A_B,glu,115,B
2309,1MXE_A_E,glu,120,A
2310,3AAD_A_B,glu,124,B
2311,2LD7_A_B,glu,193,A
2312,3GMW_A_B,glu,70,B
2313,1DHK_A_B,glu,149,A
2314,2LQH_A_B,glu,138,B
2315,2P46_A_B,glu,111,A
2316,1WQ1_R_G,glu,950,G
2317,4BKX_A_B,glu,335,B
2318,2NY1_DC_A,glu,3108,D
2319,2QUR_A_B,glu,203,A
2320,4NSO_A_B,glu,50,B
2321,6AOD_BA_C,glu,458,C
2322,5JSN_A_B,glu,94,B
2323,2WFX_A_B,glu,127,A
2324,1NVU_Q_S,glu,37,Q
2325,1M1E_A_B,glu,75,B
2326,3GXU_A_B,glu,34,A
2327,3C9A_B_D,glu,56,D
2328,4DM8_A_C,glu,414,A
2329,3P9W_A_B,glu,45,B
2330,4NU1_A_B,glu,397,B
2331,3UZ0_A_B,glu,106,B
2332,3TAC_A_B,glu,171,A
2333,2OT3_B_A,glu,351,A
2334,2AEP_HL_A,glu,199,A
2335,4ZKC_A_B,glu,62,A
2336,2M0J_A_B,glu,84,A
2337,4DTG_HL_K,glu,10,K
2338,1HIA_AB_I,glu,26,I
2339,5BJZ_CL_A,glu,308,A
2340,2VLQ_A_B,glu,30,A
2341,4XLW_A_B,glu,71,B
2342,4PJ2_A_D,glu,100,A
2343,3R85_A_E,glu,153,E
2344,2MLZ_B_A,glu,178,A
2345,4G6J_HL_A,glu,64,A
2346,2WY3_B_A,glu,68,A
2347,4UF1_A_B,glu,80,A
2348,1WEJ_HL_F,glu,104,F
2349,4PAS_A_B,glu,782,A
2350,2GNG_A_I,glu,203,A
2351,5MVZ_HL_U,glu,64,U
2352,2A78_A_B,glu,99,A
2353,2ZJS_HL_Y,glu,354,Y
2354,5DOB_A_B,glu,165,B
2355,4RT6_A_B,glu,713,A
2356,3IXS_A_B,glu,288,A
2357,4F15_HI_G,glu,96,I
2358,3TU3_A_B,glu,636,B
2359,3WQB_A_B,glu,69,B
2360,4PVZ_A_C,glu,118,A
2361,5TUD_CB_A,glu,196,A
2362,3OLM_A_D,glu,540,A
2363,4D0N_A_B,glu,40,A
2364,2AST_A_B,glu,1150,A
2365,4ZK9_A_B,glu,61,A
2366,3X3F_HL_A,glu,89,A
2367,2VWE_LJ_B,glu,102,B
2368,4Q5U_A_C,glu,114,A
2369,2WWX_A_B,glu,35,A
2370,2EFD_A_B,glu,222,A
2371,4HFU_HL_A,glu,98,H
2372,5TZ2_HL_C,glu,35,C
2373,1B6C_A_B,glu,247,B
2374,3D5R_A_C,glu,171,A
2375,1I4E_A_B,glu,2417,B
2376,3GI9_HL_C,glu,313,C
2377,3KS0_HL_B,glu,63,B
2378,1DPJ_A_B,glu,10,B
2379,4XHU_C_D,glu,54,D
2380,4ZQU_A_B,glu,140,B
2381,2JJT_A_C,glu,35,C
2382,5AAM_A_C,glu,189,A
2383,3WA5_A_B,glu,126,B
2384,3EO1_AB_CF,glu,74,B
2385,4RT6_A_B,glu,786,A
2386,2HSQ_A_B,glu,572,B
2387,2Z3Q_A_B,glu,89,A
2388,5WI9_HL_A,glu,451,A
2389,5E6P_A_B,glu,85,B
2390,3KJ1_A_B,glu,9,B
2391,4UT6_IM_B,glu,71,B
2392,2MLX_B_A,glu,178,A
2393,2F4M_A_B,glu,440,A
2394,4FFV_DC_B,glu,94,B
2395,3SJA_I_J,glu,54,J
2396,3CQC_A_B,glu,999,B
2397,1WQJ_B_I,glu,3,I
2398,4LZX_A_B,glu,115,A
2399,5W0K_HL_A,glu,187,A
2400,4H8W_HL_G,ala,60,G
2401,1FCC_AB_C,ala,23,C
2402,4HJ0_PQ_A,ala,32,A
2403,5JSB_A_B,ala,50,B
2404,4NZR_HL_M,ala,57,L
2405,1OGY_A_B,ala,100,B
2406,1E6E_A_B,ala,51,B
2407,2M04_A_B,ala,83,B
2408,1RY7_A_B,ala,165,B
2409,2J8X_A_B,ala,226,A
2410,4RWT_A_D,ala,26,A
2411,2OOR_AB_C,ala,58,C
2412,4PGJ_A_B,ala,97,A
2413,2N73_A_B,ala,10,A
2414,3K2U_HL_A,ala,97,H
2415,4XOI_A_B,ala,48,B
2416,4S1Q_HL_G,ala,60,H
2417,4HCN_A_B,ala,241,A
2418,1BGX_HL_T,ala,464,T
2419,3EAB_A_G,ala,174,A
2420,5F3H_AB_J,ala,33,A
2421,4WNN_A_B,ala,120,B
2422,5BJZ_CL_A,ala,96,A
2423,1MXE_A_E,ala,311,E
2424,4AWX_A_B,ala,253,A
2425,5IUS_A_C,ala,80,A
2426,2OOR_AB_C,ala,100,C
2427,2OIN_A_C,ala,91,A
2428,5L0Q_FE_D,ala,50,F
2429,3RGV_A_B,ala,185,B
2430,2GWW_A_B,ala,616,B
2431,2LEH_A_B,ala,258,A
2432,2JBY_A_B,ala,71,A
2433,4LLO_A_B,ala,636,A
2434,1DHK_A_B,ala,185,B
2435,3V7A_EH_A,ala,536,A
2436,2WP3_T_O,ala,27,T
2437,2Z58_A_B,ala,38,B
2438,3D5S_A_C,ala,41,C
2439,5IJ9_A_B,ala,100,A
2440,2LWW_A_B,ala,435,A
2441,2X2D_D_C,ala,101,C
2442,4CU4_A_B,ala,3,B
2443,3WKM_IM_B,ala,55,M
2444,4S1Q_HL_G,ala,56,H
2445,3G6J_E_F,ala,34,E
2446,1X1Y_A_D,ala,36,D
2447,3O43_A_B,ala,14,B
2448,4O9H_HL_A,ala,31,L
2449,2I3S_A_B,ala,341,B
2450,4UEM_A_B,ala,315,A
2451,2R0K_HL_A,ala,33,H
2452,5B77_A_B,ala,275,A
2453,3KZ0_A_C,ala,7,C
2454,1X1Y_A_D,ala,37,A
2455,5ET1_A_C,ala,173,A
2456,1YRU_A_B,ala,245,A
2457,2JJT_A_C,ala,53,C
2458,4PEQ_A_B,ala,287,B
2459,4ZK9_A_B,ala,84,A
2460,4AP2_A_B,ala,207,A
2461,3U7Y_HL_G,ala,281,G
2462,5D1M_A_B,ala,96,A
2463,4YDJ_HL_G,ala,281,G
2464,3N00_A_B,ala,2052,B
2465,5GGT_HL_A,ala,121,A
2466,1NW9_B_A,ala,388,B
2467,5KTE_HL_A,ala,197,A
2468,3SYN_A_E,ala,197,A
2469,5XMH_DC_B,ala,99,D
2470,1FLE_E_I,ala,52,I
2471,1PPE_E_I,ala,18,I
2472,2G45_A_B,ala,245,A
2473,4AYE_A_D,ala,304,D
2474,3U43_A_B,ala,25,A
2475,3E2K_A_D,ala,124,A
2476,1DPJ_A_B,ala,188,A
2477,3FP6_E_I,ala,16,I
2478,2NY1_DC_A,ala,436,A
2479,3CQG_A_B,ala,980,B
2480,5IJ9_A_B,ala,403,A
2481,5AGW_B_C,ala,4,C
2482,3P95_A_E,ala,195,A
2483,1ZR0_A_B,ala,16,B
2484,2VOF_C_D,ala,134,D
2485,4IKA_A_D,ala,2,D
2486,2ONL_A_C,ala,34,A
2487,5AYR_A_B,ala,214,A
2488,1YRU_A_B,ala,205,A
2489,3UKX_B_C,ala,364,B
2490,4FT4_B_Q,ala,7,Q
2491,4P59_HL_A,ala,596,A
2492,5BJZ_CL_A,ala,301,A
2493,4ZGQ_A_B,ala,133,A
2494,1OP9_A_B,ala,99,A
2495,4GAF_B_A,ala,127,A
2496,4GNK_A_B,ala,858,B
2497,2XGY_A_B,ala,118,A
2498,3GB8_A_B,ala,23,B
2499,4P59_HL_A,ala,50,H
2500,2G2W_A_B,ala,46,B
2501,4HCP_A_B,ala,156,A
2502,5XXY_HL_A,ala,121,A
2503,1MXE_A_E,ala,306,E
2504,1ES0_A_B,ala,2,A
2505,4U30_A_X,ala,16,X
2506,3AON_A_B,ala,97,B
2507,1DEE_A_B,ala,645,B
2508,2A7U_A_B,ala,13,B
2509,4ZGM_A_B,ala,24,B
2510,5F3B_AB_C,ala,33,A
2511,1Y3C_E_I,ala,152,E
2512,3G6J_E_F,ala,43,E
2513,2VE7_A_C,ala,1136,C
2514,1X1X_A_D,ala,36,D
2515,5UG0_DC_A,ala,137,A
2516,3VI4_FE_B,ala,83,B
2517,4PGJ_A_B,ala,107,B
2518,2MLZ_B_A,ala,374,B
2519,5UG0_DC_A,ala,193,A
2520,3TNF_A_B,ala,76,A
2521,3TSR_A_E,ala,110,A
2522,5LBS_HL_A,ala,60,L
2523,4W6Y_A_B,ala,102,B
2524,3HCU_A_B,ala,98,B
2525,5UEA_HL_D,ala,16,D
2526,5JZE_B_A,ala,103,A
2527,5DFV_EF_B,ala,164,B
2528,4LW4_AB_C,ala,354,A
2529,4IKA_A_D,ala,15,D
2530,4DN4_LH_M,ala,48,M
2531,4CMH_BC_A,ala,199,A
2532,3BH6_A_B,ala,132,B
2533,1IRA_Y_X,ala,127,X
2534,3K2U_HL_A,ala,53,H
2535,3P71_T_C,ala,33,T
2536,1K93_A_D,ala,147,D
2537,5OCC_HL_A,ala,104,H
2538,1G0V_A_B,ala,12,A
2539,2PMS_A_C,ala,179,C
2540,4H03_A_B,ala,350,A
2541,1MXE_A_E,ala,299,E
2542,3OED_A_C,ala,101,A
2543,2MLX_B_A,ala,188,A
2544,4XVT_HL_G,ala,57,H
2545,5IOH_A_B,ala,299,A
2546,4BRU_A_B,ala,408,A
2547,4ML7_A_B,ala,85,B
2548,1E4K_AB_C,ala,330,A
2549,6CMG_CB_A,ala,558,A
2550,5CYK_A_B,ala,298,A
2551,3GMW_A_B,ala,125,A
2552,4UF1_A_B,ala,81,A
2553,6BIT_JL_G,ala,55,L
2554,2J7P_A_D,ala,144,D
2555,3H3G_A_B,ala,26,A
2556,3Q3G_HF_I,ala,274,I
2557,1RKE_A_B,ala,17,A
2558,3CPH_G_A,ala,251,G
2559,5K9O_HL_I,ala,365,I
2560,5C3F_A_B,ala,87,B
2561,2I26_N_L,ala,94,N
2562,1T01_A_B,ala,618,B
2563,2KXW_A_B,ala,1909,B
2564,4BRU_A_B,ala,411,A
2565,4U30_A_X,ala,195,A
2566,5T5F_HL_A,ala,125,A
2567,5XXY_HL_A,ala,52,A
2568,2XPX_A_B,ala,103,A
2569,4BYF_C_D,ala,104,D
2570,1ZC4_A_D,ala,77,A
2571,3C59_A_B,ala,18,B
2572,5GGS_AB_Z,ala,129,Z
2573,4C4K_T_O,ala,27,T
2574,2BYK_A_B,ala,40,B
2575,1T44_G_A,ala,102,G
2576,4CT0_A_B,ala,1204,B
2577,4MRT_C_A,ala,53,C
2578,3UZ0_A_B,ala,201,A
2579,2X1X_E_R,ala,147,E
2580,2OT3_B_A,ala,54,B
2581,1ORS_BA_C,ala,34,B
2582,5JZE_B_A,ala,153,A
2583,2G2U_A_B,ala,46,B
2584,3PNW_TS_U,ala,33,S
2585,3C4P_A_B,ala,237,A
2586,2NBV_A_B,ala,100,A
2587,3DVM_A_B,ala,15,A
2588,3EAB_A_G,ala,181,G
2589,1FSK_BC_A,ala,100,C
2590,1TAW_A_B,ala,16,B
2591,3IFQ_A_C,ala,646,A
2592,1IB1_AB_E,ala,46,E
2593,4BRW_A_B,ala,263,A
2594,1US7_A_B,ala,204,B
2595,2FJU_B_A,ala,33,B
2596,5DOB_A_B,ala,126,B
2597,4RJF_A_B,ala,208,A
2598,5UEM_HL_G,ala,281,G
2599,3LBX_A_B,ala,2021,B
2600,5CMN_A_E,arg,36,A
2601,2XHE_A_B,arg,249,B
2602,1RI8_A_B,arg,56,A
2603,2N1D_A_B,arg,269,B
2604,3OLM_A_D,arg,72,D
2605,1I2M_A_B,arg,106,A
2606,1FLE_E_I,arg,61,E
2607,5ANM_BA_G,arg,431,G
2608,4V0N_D_C,arg,399,D
2609,3ULA_A_D,arg,90,D
2610,3UKZ_B_C,arg,18,C
2611,3K8P_C_D,arg,352,C
2612,6FAX_HL_R,arg,104,H
2613,1K5D_AB_C,arg,76,A
2614,1ORS_BA_C,arg,120,C
2615,2R0L_HL_A,arg,98,H
2616,3S9D_B_A,arg,149,A
2617,5IJ9_A_B,arg,221,A
2618,3EJH_A_E,arg,967,E
2619,2FTM_A_B,arg,17,B
2620,3UKX_B_C,arg,10,C
2621,1L4D_A_B,arg,561,A
2622,3FIE_A_C,arg,56,C
2623,2P43_A_B,arg,106,B
2624,4B4S_A_B,arg,85,A
2625,3GS2_A_B,arg,247,B
2626,1Z0K_A_B,arg,69,A
2627,2I9B_E_A,arg,137,E
2628,4OD2_BA_S,arg,65,S
2629,3FSH_B_C,arg,594,C
2630,3CX7_A_B,arg,279,A
2631,2Y8T_A_B,arg,111,A
2632,2MLX_B_A,arg,289,B
2633,2V5Q_A_D,arg,136,A
2634,2MLX_B_A,arg,344,A
2635,3OUW_A_B,arg,386,A
2636,2OOR_AB_C,arg,130,B
2637,4BRU_A_B,arg,268,A
2638,4YL8_A_B,arg,2144,B
2639,3P0Y_HL_A,arg,97,H
2640,1YRT_A_B,arg,338,A
2641,5XXY_HL_A,arg,99,H
2642,1OSP_HL_O,arg,99,H
2643,1OGY_A_B,arg,50,A
2644,4AG2_A_C,arg,200,A
2645,1YRU_A_B,arg,90,B
2646,2Y9M_A_B,arg,130,B
2647,5D71_HL_A,arg,24,A
2648,4UYQ_A_B,arg,14,B
2649,3PNR_A_B,arg,336,B
2650,4NQW_A_B,arg,43,A
2651,4HRL_C_A,arg,23,A
2652,2OIN_A_C,arg,88,A
2653,2N2H_A_B,arg,672,B
2654,3QBV_A_B,arg,1384,B
2655,3VPJ_A_E,arg,132,A
2656,3LAQ_A_U,arg,31,A
2657,5CZF_A_D,arg,37,D
2658,2HMI_CD_AB,arg,199,B
2659,1K93_A_D,arg,90,D
2660,4U2X_A_D,arg,140,A
2661,5UTZ_JK_I,arg,83,I
2662,1ATN_A_D,arg,62,A
2663,2IH3_AB_C,arg,52,C
2664,3IFQ_A_C,arg,646,C
2665,5D72_MN_B,arg,24,B
2666,4DX8_A_J,arg,179,J
2667,3TT3_HL_A,arg,74,H
2668,5IJ9_A_B,arg,251,B
2669,5AGW_B_C,arg,8,C
2670,5ET1_A_C,arg,68,A
2671,3AAA_AB_C,arg,266,A
2672,4AYD_A_D,arg,404,A
2673,5D1L_A_B,arg,238,B
2674,3SRI_A_B,arg,143,A
2675,1HIA_AB_I,arg,32,I
2676,3UKZ_B_C,arg,315,B
2677,2ONL_A_C,arg,386,C
2678,3WO3_A_B,arg,210,B
2679,4APF_A_B,arg,141,A
2680,5FR1_A_B,arg,68,A
2681,1E6E_A_B,arg,115,B
2682,4GNK_A_B,arg,213,A
2683,4TQ0_A_B,arg,15,A
2684,2NYZ_AB_D,arg,43,D
2685,4WFF_ED_A,arg,74,A
2686,1E6E_A_B,arg,370,A
2687,4D0N_A_B,arg,2140,B
2688,1HE1_C_A,arg,146,A
2689,3MCA_A_B,arg,169,B
2690,5BO1_IM_A,arg,203,A
2691,4AYI_A_D,arg,342,A
2692,1Y6M_L_R,arg,27,L
2693,1TDQ_A_B,arg,260,A
2694,3BP8_AB_C,arg,36,C
2695,1FAK_HL_T,arg,131,T
2696,5BNQ_A_R,arg,284,A
2697,4NE9_A_P,arg,303,A
2698,4YC7_A_B,arg,69,B
2699,4A1U_A_B,arg,100,A
2700,1SYX_A_B,arg,79,B
2701,1JK9_B_A,arg,115,A
2702,4XNY_HL_G,arg,62,H
2703,4MI8_A_C,arg,115,C
2704,3QLU_A_C,arg,160,A
2705,3WQB_A_B,arg,524,A
2706,2DX5_A_B,arg,130,A
2707,3TU3_A_B,arg,63,B
2708,2XBB_A_C,arg,72,C
2709,5AGX_A_D,arg,20,D
2710,2IH3_AB_C,arg,57,A
2711,1E6E_A_B,arg,211,A
2712,4KJY_A_B,arg,69,B
2713,5MHR_KJ_C,arg,51,J
2714,3FSH_B_C,arg,585,C
2715,4C7N_A_B,arg,37,A
2716,4GIQ_A_R,arg,222,A
2717,4G80_EF_T,arg,105,E
2718,1HCF_AB_X,arg,34,B
2719,1AZS_AB_C,arg,232,C
2720,1ID5_H_L,arg,4,L
2721,3UL1_B_A,arg,238,B
2722,3BEG_A_B,arg,204,B
2723,3RT0_A_C,arg,389,A
2724,3OJ2_A_C,arg,251,C
2725,5OCC_HL_A,arg,151,A
2726,3HTU_A_B,arg,171,A
2727,3ZEU_D_E,arg,96,E
2728,5B64_A_B,arg,781,B
2729,1SHY_A_B,arg,695,A
2730,4FZV_A_B,arg,322,B
2731,4AN7_A_B,arg,66,B
2732,1GRN_A_B,arg,346,B
2733,4W6W_A_B,arg,75,A
2734,4IC7_A_B,arg,42,B
2735,1Z5Y_D_E,arg,84,E
2736,1P27_A_B,arg,109,B
2737,3FSH_B_C,arg,580,C
2738,4FZV_A_B,arg,273,B
2739,4O9H_HL_A,arg,30,A
2740,4MRT_C_A,arg,121,A
2741,5INB_A_B,arg,261,A
2742,5NMV_HL_K,arg,65,K
2743,2O3B_A_B,arg,69,B
2744,2ZUQ_CB_A,arg,53,B
2745,5JHL_HL_A,arg,104,H
2746,3RPG_B_C,arg,3,B
2747,2HQW_A_B,arg,893,B
2748,3C4P_A_B,arg,160,B
2749,6CH7_QR_G,arg,327,G
2750,5IMT_A_D,arg,451,A
2751,5LI1_A_B,arg,17,B
2752,4Y5Y_DE_F,arg,101,D
2753,2O3B_A_B,arg,156,A
2754,1AZS_AB_C,arg,231,C
2755,5JMC_A_B,arg,1294,A
2756,3TT1_HL_B,arg,438,B
2757,4RGM_HL_S,arg,110,S
2758,3EAB_A_G,arg,173,A
2759,2Q5D_A_C,arg,27,C
2760,1BGX_HL_T,arg,536,T
2761,4ZS7_HL_A,arg,179,A
2762,4GN4_B_A,arg,61,A
2763,4EOZ_A_B,arg,128,B
2764,2OMU_A_B,arg,212,A
2765,4DBG_A_B,arg,616,B
2766,5EB1_A_B,arg,160,B
2767,3VLB_A_B,arg,298,A
2768,3P71_T_C,arg,247,T
2769,2OMX_A_B,arg,85,A
2770,3V6B_A_R,arg,275,R
2771,3OED_A_C,arg,28,C
2772,5JZE_B_A,arg,151,B
2773,1AVA_A_C,arg,106,C
2774,1PKQ_GF_J,arg,54,G
2775,2OZ4_HL_A,arg,374,A
2776,1VRK_A_B,arg,74,A
2777,2BYK_A_B,arg,39,B
2778,3O5T_A_B,arg,103,A
2779,2C7N_A_B,arg,47,A
2780,5LI1_A_B,arg,10,B
2781,5LRW_A_B,arg,74,B
2782,2WWX_A_B,arg,453,B
2783,1OGY_A_B,arg,83,B
2784,5JZ7_CD_A,arg,69,A
2785,4PVZ_A_C,arg,105,C
2786,5W1K_DC_E,arg,56,D
2787,3AON_A_B,arg,51,A
2788,2OMU_A_B,arg,85,A
2789,4AYE_A_D,arg,195,D
2790,4Z5R_BA_N,arg,149,N
2791,5ABV_A_B,arg,614,B
2792,1UAD_A_C,arg,27,C
2793,4WV1_BA_C,arg,207,C
2794,2PMS_A_C,arg,4,A
2795,5YY5_HL_A,arg,55,L
2796,3P9W_A_B,arg,82,A
2797,4MJS_A_B,arg,21,B
2798,3FII_A_B,arg,171,A
2799,4PVZ_A_C,arg,128,C
2800,3KJ0_A_B,his,224,A
2801,3BDY_HL_V,his,91,L
2802,4MHJ_L_H,his,172,H
2803,4CVW_A_C,his,24,C
2804,2G77_A_B,his,102,B
2805,4FQJ_HL_A,his,85,A
2806,3JZA_A_B,his,376,B
2807,2W80_A_D,his,371,A
2808,4XNY_HL_G,his,105,G
2809,1HIA_AB_I,his,172,B
2810,5AYS_A_C,his,87,C
2811,1H59_A_B,his,71,B
2812,4A94_A_D,his,40,D
2813,4HCN_A_B,his,68,B
2814,4W6Y_A_B,his,88,A
2815,1I9R_HL_ABC,his,249,A
2816,1A2K_C_AB,his,124,B
2817,3EOA_LH_I,his,52,H
2818,2WWX_A_B,his,376,B
2819,5T5F_HL_A,his,31,L
2820,1GL1_A_I,his,57,A
2821,1FC2_C_D,his,310,D
2822,3N85_HL_A,his,451,A
2823,3ZYI_A_B,his,296,A
2824,1F5R_A_I,his,57,A
2825,4AOQ_A_D,his,46,A
2826,3ZNZ_A_B,his,339,A
2827,3ZYJ_A_B,his,276,A
2828,3HO5_B_H,his,133,H
2829,4PER_A_B,his,111,B
2830,5JZ7_CD_A,his,8,A
2831,3OHM_A_B,his,218,A
2832,3NH7_KO_D,his,43,D
2833,1FY8_E_I,his,40,E
2834,1B2S_A_D,his,102,A
2835,4PEQ_A_B,his,119,A
2836,1YRT_A_B,his,107,B
2837,2QC1_A_B,his,68,A
2838,4ZGY_A_B,his,202,B
2839,4DZV_A_B,his,19,A
2840,1MAH_A_F,his,287,A
2841,2XHE_A_B,his,258,B
2842,1ZJD_A_B,his,57,A
2843,4ONS_A_B,his,152,A
2844,4BZ2_HL_A,his,390,A
2845,1EGJ_HL_A,his,367,A
2846,1KKL_ABC_H,his,140,A
2847,1CBW_ABC_D,his,40,B
2848,4K9E_HL_C,his,378,C
2849,5T5F_HL_A,his,119,A
2850,2XBB_A_C,his,68,C
2851,4EIZ_A_D,his,114,A
2852,1PPE_E_I,his,57,E
2853,4G35_A_B,his,224,A
2854,5C3F_A_B,his,89,B
2855,2J8X_A_B,his,94,A
2856,4XKL_A_B,his,68,A
2857,3TAC_A_B,his,273,A
2858,3E1Z_A_B,his,159,B
2859,5ABV_A_B,his,67,A
2860,4LQW_A_D,his,121,A
2861,3RGF_A_B,his,88,A
2862,1RV6_VW_X,his,223,X
2863,1TH1_A_C,his,224,A
2864,4NE9_A_P,his,113,P
2865,3FJU_A_B,his,54,B
2866,1EER_A_BC,his,153,C
2867,4ETP_A_B,his,377,A
2868,2WG3_A_C,his,181,A
2869,3AJB_A_B,his,334,A
2870,3P9W_A_B,his,90,A
2871,5GGT_HL_A,his,69,A
2872,4YPI_C_G,his,327,C
2873,2G2U_A_B,his,41,B
2874,2ADF_HL_A,his,1023,A
2875,3DDC_A_B,his,27,A
2876,4KUC_FE_I,his,106,I
2877,4WNN_A_B,his,112,B
2878,5CMN_A_E,his,250,E
2879,2FJH_BA_W,his,27,W
2880,3C4M_A_C,his,114,A
2881,4F9L_A_B,his,122,A
2882,1LP1_A_B,his,18,B
2883,5LXM_A_D,his,187,A
2884,1P27_A_B,his,140,A
2885,4LQW_A_D,his,87,D
2886,1JWH_CD_A,his,193,D
2887,4I6L_A_B,his,217,A
2888,4HX3_BD_A,his,83,A
2889,4ZRP_A_C,his,155,C
2890,2VOI_A_B,his,89,B
2891,4PJ2_A_D,his,93,D
2892,4OVN_A_F,his,1900,F
2893,4QCI_HL_C,his,92,L
2894,4KV5_C_D,his,68,C
2895,3SGB_E_I,his,57,E
2896,2MBB_A_B,his,268,B
2897,2B2X_HL_A,his,288,A
2898,2ES4_A_D,his,67,D
2899,5W1K_DC_E,his,128,E
2900,3C66_A_C,his,482,A
2901,5B3J_EF_C,his,60,C
2902,1OPH_A_B,his,57,B
2903,1AN1_E_I,his,40,E
2904,1TA3_A_B,his,228,A
2905,1KTZ_A_B,his,34,A
2906,4MSM_A_B,his,68,B
2907,2DSP_B_I,his,70,B
2908,5HBT_DC_B,his,3,B
2909,4HC1_MN_B,his,50,N
2910,4HJ0_PQ_A,his,115,A
2911,5EO9_A_B,his,114,A
2912,1V18_A_B,his,1490,B
2913,3N0P_A_B,his,27,A
2914,2B2X_HL_A,his,261,A
2915,1ZLI_A_B,his,196,A
2916,1TM1_E_I,his,64,E
2917,5D1L_A_B,his,168,B
2918,2Y8T_A_B,his,1301,B
2919,1R0R_E_I,his,64,E
2920,3FJU_A_B,his,38,B
2921,2AYO_A_B,his,425,A
2922,4C2A_A_B,his,1326,A
2923,2UUY_A_B,his,43,A
2924,1O9A_A_B,his,27,B
2925,1WR6_A_E,his,68,E
2926,2TGP_Z_I,his,57,Z
2927,3OUX_A_B,his,260,A
2928,1UDI_E_I,his,91,E
2929,4FQ0_B_C,his,138,C
2930,3TSR_A_E,his,120,A
2931,2Y5B_A_B,his,76,B
2932,4KFZ_A_C,his,128,A
2933,6CYF_UT_Q,his,106,U
2934,3TAC_A_B,his,120,A
2935,1IJK_A_BC,his,222,C
2936,4V0M_F_E,his,111,E
2937,4RWT_A_D,his,272,D
2938,5XWD_HD_A,his,409,A
2939,2OOB_A_B,his,68,B
2940,3OJM_A_B,his,108,A
2941,5G1X_A_B,his,280,A
2942,5F4E_A_B,his,65,B
2943,1UDI_E_I,his,191,E
2944,3SUA_A_D,his,1814,D
2945,4OII_HL_A,his,30,L
2946,5D1M_A_B,his,7,A
2947,2R56_HL_A,his,31,H
2948,3EJH_A_E,his,535,A
2949,2HTH_A_B,his,85,B
2950,2MCN_A_B,his,68,B
2951,3KJ1_A_B,his,252,A
2952,1V18_A_B,his,265,A
2953,5AYR_A_B,his,87,B
2954,1YVB_A_I,his,159,A
2955,4AOQ_A_D,his,63,A
2956,2WG3_A_C,his,135,A
2957,3V96_A_B,his,221,B
2958,3PNW_TS_U,his,581,U
2959,5CYK_A_B,his,409,A
2960,3N0P_A_B,his,188,B
2961,4KT1_A_E,his,157,A
2962,4UEM_A_B,his,305,A
2963,2NQD_A_B,his,163,B
2964,2ZCH_HL_P,his,101,P
2965,4RWS_A_C,his,281,A
2966,5AYS_A_C,his,91,A
2967,2N73_A_B,his,45,A
2968,3QBR_A_B,his,70,A
2969,4NIQ_A_C,his,196,C
2970,4LVN_CB_A,his,394,A
2971,3OKY_A_B,his,212,B
2972,1UUG_A_B,his,187,A
2973,2LQH_A_B,his,17,A
2974,2W8B_A_H,his,158,H
2975,5BOZ_A_G,his,65,A
2976,4HCN_A_B,his,211,A
2977,2N01_A_B,his,36,A
2978,4U30_A_X,his,57,A
2979,4F37_HL_A,his,6,A
2980,3TGK_E_I,his,57,E
2981,1F34_A_B,his,53,B
2982,4A94_A_D,his,196,A
2983,5MES_HL_A,his,320,A
2984,3OUX_A_B,his,219,A
2985,5ABV_A_B,his,594,B
2986,3GNI_A_B,his,12,B
2987,3BX7_A_C,his,47,A
2988,2MLZ_B_A,his,447,B
2989,2AEP_HL_A,his,197,A
2990,1ZR0_A_B,his,57,A
2991,5XXY_HL_A,his,94,L
2992,4AYD_A_D,his,184,D
2993,4DS8_A_B,his,245,B
2994,3IXE_A_B,his,99,A
2995,4KI5_EF_M,his,2309,M
2996,2FTM_A_B,his,57,A
2997,3WO3_A_B,his,27,B
2998,2NY1_DC_A,his,3059,D
2999,1L0Y_A_B,his,85,B
3000,3OKY_A_B,pro,96,A
3001,5DO2_CD_B,pro,531,B
3002,5CUS_HL_A,pro,458,A
3003,1CBW_ABC_D,pro,13,D
3004,1GCQ_B_C,pro,206,B
3005,3IA3_A_D,pro,95,D
3006,1MQ8_A_B,pro,36,A
3007,4QRP_K_L,pro,115,L
3008,4EIG_A_B,pro,21,A
3009,4H8W_HL_G,pro,79,G
3010,2V6X_A_B,pro,206,B
3011,1EAW_A_B,pro,13,B
3012,2PSM_A_F,pro,68,F
3013,1DPJ_A_B,pro,292,A
3014,1DP5_A_B,pro,292,A
3015,4YH7_A_B,pro,194,A
3016,4L0P_A_B,pro,64,A
3017,3DXD_A_B,pro,685,B
3018,3WSQ_HL_A,pro,363,A
3019,4UV7_HL_A,pro,361,A
3020,5FVK_A_C,pro,189,C
3021,4QCI_HL_C,pro,82,C
3022,4JPV_HL_G,pro,60,H
3023,1Y64_A_B,pro,367,A
3024,5DO2_CD_B,pro,394,B
3025,6B08_CB_A,pro,55,B
3026,4MJS_A_B,pro,67,A
3027,3UX9_A_B,pro,26,A
3028,2MV7_A_B,pro,884,B
3029,3G6J_E_F,pro,167,F
3030,1TDQ_A_B,pro,177,A
3031,2VH5_HL_R,pro,34,R
3032,4C5G_A_B,pro,672,A
3033,3SKU_A_D,pro,130,D
3034,3U82_A_B,pro,130,B
3035,1SYQ_A_B,pro,43,A
3036,2YVJ_A_B,pro,81,B
3037,4UYQ_A_B,pro,33,B
3038,5J8H_A_B,pro,43,A
3039,3BK3_A_C,pro,35,A
3040,4Z80_A_C,pro,1309,C
3041,2DD8_H_L,pro,123,H
3042,2Z8W_A_D,pro,185,A
3043,3U30_CB_A,pro,37,A
3044,5INB_A_B,pro,413,B
3045,3BSZ_NM_E,pro,146,E
3046,2K2S_A_B,pro,11,B
3047,5UEA_HL_D,pro,63,D
3048,1H0D_BA_C,pro,91,C
3049,3AON_A_B,pro,16,B
3050,4AFZ_A_C,pro,26,A
3051,2J8X_A_B,pro,110,A
3052,2FTM_A_B,pro,13,B
3053,3GC3_A_B,pro,178,A
3054,3RPG_B_C,pro,28,C
3055,5OCC_HL_A,pro,179,A
3056,4DID_A_B,pro,73,A
3057,2KWV_A_B,pro,509,A
3058,5UG0_DC_A,pro,185,A
3059,1NVU_Q_S,pro,621,S
3060,4KVN_HL_A,pro,107,H
3061,4WEN_A_B,pro,59,A
3062,4J4P_HL_A,pro,365,A
3063,1PVH_A_B,pro,17,B
3064,4JW3_A_C,pro,49,A
3065,2VLO_A_B,pro,73,B
3066,5J3H_CD_E,pro,242,E
3067,2Y8S_A_B,pro,339,A
3068,3FPU_A_B,pro,13,A
3069,3CX6_A_B,pro,202,A
3070,4J6G_A_C,pro,174,A
3071,2MLX_B_A,pro,381,A
3072,1F6M_A_C,pro,34,C
3073,3BLH_A_B,pro,11,A
3074,5D5M_A_B,pro,232,A
3075,1KXP_A_D,pro,316,D
3076,4RE1_A_D,pro,342,A
3077,1SYQ_A_B,pro,15,A
3078,1P2C_AB_C,pro,679,C
3079,3REB_A_B,pro,94,B
3080,5J4A_A_B,pro,14,B
3081,4AYI_A_D,pro,182,D
3082,3OAK_A_D,pro,227,A
3083,2FDB_M_P,pro,2170,P
3084,5F3X_A_B,pro,353,B
3085,3OKY_A_B,pro,397,A
3086,1PXV_A_C,pro,102,C
3087,2MEJ_A_B,pro,119,A
3088,5UEM_HL_G,pro,30,H
3089,3WSQ_HL_A,pro,356,A
3090,1IRA_Y_X,pro,113,Y
3091,4UU9_AB_C,pro,45,C
3092,1YDI_A_B,pro,38,A
3093,1HIA_AB_I,pro,47,I
3094,4NM3_A_B,pro,294,A
3095,3ZEU_D_E,pro,40,D
3096,4U4C_A_B,pro,953,A
3097,1NF3_A_C,pro,73,A
3098,2NZ1_X_Y,pro,356,X
3099,4Y5O_A_B,pro,358,A
3100,3ONA_A_B,pro,313,A
3101,2OMX_A_B,pro,6,B
3102,1D6R_A_I,pro,20,I
3103,1KKL_ABC_H,pro,196,A
3104,3KZ1_A_F,pro,1054,A
3105,2QXV_A_B,pro,199,A
3106,5HVF_A_B,pro,68,A
3107,4RX4_HL_G,pro,95,L
3108,2QC1_A_B,pro,197,B
3109,4ZQU_A_B,pro,66,B
3110,5F96_HL_G,pro,57,H
3111,5J28_A_C,pro,533,C
3112,3FHC_A_B,pro,352,A
3113,4PJ2_A_D,pro,44,A
3114,4U4C_A_B,pro,24,B
3115,3ZJY_E_D,pro,172,D
3116,3E1Z_A_B,pro,92,A
3117,3S9D_B_A,pro,49,B
3118,4TTD_HL_A,pro,97,H
3119,4UI1_D_A,pro,332,A
3120,1I2M_A_B,pro,102,A
3121,5VAG_CB_A,pro,100,C
3122,1QFW_IM_AB,pro,305,I
3123,1OGY_A_B,pro,4,B
3124,5MVZ_HL_U,pro,23,U
3125,2OMW_A_B,pro,2,B
3126,3V7A_EH_A,pro,435,A
3127,1P2C_AB_C,pro,670,C
3128,4K9E_HL_C,pro,317,C
3129,2ARP_A_F,pro,88,A
3130,5H35_FG_E,pro,57,E
3131,3Q9N_A_C,pro,111,A
3132,3FPU_A_B,pro,24,A
3133,2DSP_B_I,pro,68,B
3134,4HX3_BD_A,pro,5,B
3135,5HI5_CD_A,pro,91,A
3136,5VLP_HL_A,pro,540,A
3137,1UUG_A_B,pro,87,A
3138,3KLS_A_X,pro,135,X
3139,4OL0_A_B,pro,49,A
3140,2F9Z_A_C,pro,56,A
3141,5BK2_CD_B,pro,105,C
3142,2X9A_D_C,pro,415,D
3143,4BQD_A_C,pro,5,C
3144,6CMG_CB_A,pro,488,A
3145,5W5Z_HL_A,pro,43,A
3146,3FXD_A_B,pro,44,B
3147,5AYR_A_B,pro,165,A
3148,3IFQ_A_C,pro,668,C
3149,5BW7_A_B,pro,395,A
3150,3OXU_B_F,pro,1166,F
3151,2KT5_A_B,pro,113,B
3152,3GXU_A_B,pro,38,A
3153,5HPK_A_B,pro,8,B
3154,3BX7_A_C,pro,103,C
3155,2HLE_A_B,pro,151,A
3156,1AXI_A_B,pro,48,A
3157,4KJY_A_B,pro,35,B
3158,1Z3G_IM_B,pro,63,B
3159,3L89_ABC_M,pro,38,M
3160,3T6G_A_B,pro,470,A
3161,1OC0_A_B,pro,111,A
3162,4P59_HL_A,pro,274,A
3163,1WQ1_R_G,pro,34,R
3164,4U30_A_X,pro,13,X
3165,3EGG_A_C,pro,427,C
3166,2WG4_A_B,pro,421,B
3167,4WEU_D_B,pro,905,D
3168,1LX5_A_B,pro,59,A
3169,4RE1_A_D,pro,98,D
3170,5BN5_A_B,pro,382,A
3171,4HJ0_PQ_A,pro,89,A
3172,4RWY_HL_A,pro,95,L
3173,1UUZ_A_D,pro,42,A
3174,5FR1_A_B,pro,108,A
3175,4M5F_A_B,pro,62,B
3176,3V6B_A_R,pro,40,A
3177,4QT8_A_C,pro,681,C
3178,4D9Q_ED_B,pro,132,B
3179,1NVU_Q_S,pro,684,S
3180,4EKC_A_B,pro,185,A
3181,1Y8N_A_B,pro,142,B
3182,2KWJ_B_A,pro,354,A
3183,2WP3_T_O,pro,11,T
3184,2Y8T_A_B,pro,143,A
3185,5LWY_HL_A,pro,130,A
3186,5IOH_A_B,pro,24,A
3187,3UYO_A_D,pro,150,A
3188,4V0N_D_C,pro,419,D
3189,4JS0_A_B,pro,280,B
3190,3CX6_A_B,pro,311,B
3191,2ZJS_HL_Y,pro,242,Y
3192,2V52_B_M,pro,332,B
3193,5AYR_A_B,pro,271,A
3194,4EIG_A_B,pro,53,A
3195,1QFW_IM_AB,pro,73,B
3196,5AYS_A_C,pro,111,A
3197,1YQV_HL_Y,pro,70,Y
3198,4K1R_A_B,pro,308,A
3199,1USV_A_B,pro,96,B
3200,3GS2_A_B,asn,322,A
3201,3WO3_A_B,asn,212,B
3202,5TFW_HL_O,asn,125,O
3203,3UL1_B_A,asn,188,B
3204,4RGN_FG_S,asn,151,S
3205,2LQH_A_B,asn,108,B
3206,4BD9_A_B,asn,57,B
3207,3H6S_A_E,asn,128,E
3208,3NCB_A_B,asn,198,A
3209,5DC4_A_B,asn,85,B
3210,2ADF_HL_A,asn,31,H
3211,2B12_A_B,asn,208,A
3212,1TMQ_A_B,asn,331,A
3213,4M5F_A_B,asn,273,A
3214,4YEB_A_B,asn,45,B
3215,4FFV_DC_B,asn,33,D
3216,5VYF_HL_F,asn,21,F
3217,3IFQ_A_C,asn,599,A
3218,1LP1_A_B,asn,28,B
3219,2XNS_B_D,asn,149,B
3220,3ZJY_E_D,asn,103,D
3221,1I2M_A_B,asn,103,A
3222,5D93_CB_A,asn,145,A
3223,4AG2_A_C,asn,82,A
3224,5EB1_A_B,asn,90,A
3225,1NCB_HL_N,asn,400,N
3226,4WEM_A_B,asn,858,B
3227,3F7P_A_C,asn,146,A
3228,4LSP_HL_G,asn,54,H
3229,2C0L_A_B,asn,534,A
3230,4M0W_A_B,asn,110,A
3231,1Z92_A_B,asn,27,B
3232,1ZMY_A_L,asn,52,A
3233,1ES0_A_B,asn,98,B
3234,4POU_A_B,asn,113,A
3235,6BF4_BC_A,asn,29,C
3236,1ZHI_A_B,asn,117,A
3237,3UKX_B_C,asn,188,B
3238,4TNW_IO_D,asn,196,D
3239,4PEQ_A_B,asn,402,B
3240,5W0K_HL_A,asn,32,L
3241,3O34_A_B,asn,980,A
3242,5OB5_HL_A,asn,31,H
3243,6B0G_DC_E,asn,30,C
3244,5VL7_HL_B,asn,54,H
3245,5TFW_HL_O,asn,119,O
3246,3WN7_A_B,asn,414,A
3247,4CDK_A_E,asn,110,A
3248,4HKX_AB_E,asn,158,E
3249,2R0L_HL_A,asn,31,H
3250,3FMG_HL_A,asn,60,H
3251,1ZVY_A_B,asn,57,A
3252,1DJS_A_B,asn,7,B
3253,4MXV_FE_B,asn,62,B
3254,1KXP_A_D,asn,451,D
3255,1J7D_A_B,asn,12,A
3256,4D0N_A_B,asn,41,A
3257,4A1S_B_E,asn,226,B
3258,3F50_A_B,asn,31,B
3259,2P42_A_B,asn,71,A
3260,3BSZ_NM_E,asn,34,M
3261,3WRX_A_C,asn,978,C
3262,4RT6_A_B,asn,788,A
3263,2R0K_HL_A,asn,98,A
3264,1RJC_A_B,asn,113,B
3265,2Z8W_A_D,asn,205,A
3266,4GAF_B_A,asn,14,A
3267,3U82_A_B,asn,77,B
3268,2XHE_A_B,asn,155,B
3269,3GI9_HL_C,asn,430,C
3270,3OLM_A_D,asn,538,A
3271,3PNR_A_B,asn,81,A
3272,4NZR_HL_M,asn,77,L
3273,2G77_A_B,asn,381,A
3274,3D9A_HL_C,asn,703,C
3275,4U0Q_A_B,asn,352,A
3276,4IYP_A_C,asn,139,C
3277,6ATT_HL_A,asn,104,H
3278,5D1K_A_B,asn,11,A
3279,4QXA_A_B,asn,298,B
3280,4JR9_HL_A,asn,52,H
3281,4FT4_B_Q,asn,260,B
3282,5TIH_HL_A,asn,116,A
3283,1XG2_A_B,asn,77,B
3284,1JTD_B_A,asn,304,B
3285,5D96_JI_D,asn,117,D
3286,4MIT_A_E,asn,46,A
3287,3PVM_A_B,asn,527,A
3288,2VE7_A_C,asn,272,A
3289,2CFH_A_C,asn,50,A
3290,4PAS_A_B,asn,795,B
3291,5CUS_HL_A,asn,274,A
3292,4S1R_HL_G,asn,279,G
3293,1DFJ_E_I,asn,402,I
3294,3WWN_A_B,asn,42,A
3295,4YIZ_A_B,asn,184,A
3296,6BP2_HL_A,asn,58,H
3297,4GLV_A_B,asn,103,A
3298,2OT8_A_C,asn,59,C
3299,3RO2_A_B,asn,203,A
3300,5D3I_A_B,asn,174,B
3301,4CNI_HL_C,asn,103,C
3302,2MLZ_B_A,asn,225,A
3303,4K24_A_U,asn,22,A
3304,2OMY_A_B,asn,321,A
3305,4K5B_D_A,asn,103,D
3306,4ENE_EF_B,asn,59,E
3307,4NIQ_A_C,asn,183,C
3308,1ADQ_HL_A,asn,384,A
3309,5DFV_EF_B,asn,172,B
3310,5VL7_HL_B,asn,58,H
3311,4JS0_A_B,asn,39,A
3312,4YDL_HL_G,asn,58,H
3313,3SO3_CB_A,asn,95,A
3314,4JEU_A_B,asn,134,A
3315,4Z5R_BA_N,asn,52,B
3316,4CJ2_B_C,asn,103,B
3317,2OT3_B_A,asn,69,B
3318,3M18_A_B,asn,39,B
3319,5JHL_HL_A,asn,60,H
3320,3TT3_HL_A,asn,55,H
3321,3GNI_A_B,asn,126,B
3322,3QHY_A_B,asn,304,B
3323,3UL1_B_A,asn,146,B
3324,1I4D_D_AB,asn,108,A
3325,3O2D_HL_A,asn,98,H
3326,4J6R_HL_G,asn,279,G
3327,3OXU_B_F,asn,170,B
3328,4C9B_A_B,asn,167,B
3329,4YOC_A_C,asn,741,C
3330,4GLV_A_B,asn,46,A
3331,1F51_AB_E,asn,34,A
3332,6B0G_DC_E,asn,115,E
3333,3ZYJ_A_B,asn,203,A
3334,4S1R_HL_G,asn,58,H
3335,1CLV_A_I,asn,137,A
3336,3SE9_HL_G,asn,276,G
3337,1FBI_HL_X,asn,77,X
3338,5SZH_A_B,asn,2,B
3339,1I2M_A_B,asn,150,B
3340,1EWY_A_C,asn,13,A
3341,1XD3_A_B,asn,223,A
3342,1ZLI_A_B,asn,14,A
3343,4YE4_HL_G,asn,105,H
3344,1ZHI_A_B,asn,120,A
3345,3QBR_A_B,asn,101,A
3346,1TA3_A_B,asn,131,B
3347,4C4P_A_B,asn,483,B
3348,2VIR_AB_C,asn,56,B
3349,5CMN_A_E,asn,282,E
3350,1LFD_B_A,asn,29,A
3351,2C0L_A_B,asn,568,A
3352,3AAD_A_B,asn,7,B
3353,4YDL_HL_G,asn,280,G
3354,3OUX_A_B,asn,387,A
3355,4JCV_ADBC_E,asn,115,C
3356,3VG9_CB_A,asn,53,B
3357,2OMX_A_B,asn,128,A
3358,3OHM_A_B,asn,861,B
3359,6AOD_BA_C,asn,59,B
3360,1B6C_A_B,asn,267,B
3361,4DJ9_A_B,asn,53,A
3362,4XNQ_BA_D,asn,57,B
3363,3WWN_A_B,asn,192,A
3364,3GNI_A_B,asn,104,A
3365,1WEJ_HL_F,asn,50,L
3366,2A5T_A_B,asn,118,B
3367,2I3S_A_B,asn,101,A
3368,5UEM_HL_G,asn,280,G
3369,1OSP_HL_O,asn,70,O
3370,3NH7_KO_D,asn,52,O
3371,1L0Y_A_B,asn,20,B
3372,1V18_A_B,asn,387,A
3373,3KS0_HL_B,asn,96,L
3374,2J88_HL_A,asn,50,L
3375,4PW9_A_B,asn,82,B
3376,1GP2_A_BG,asn,88,B
3377,2WJV_A_D,asn,263,A
3378,5K8Q_A_B,asn,53,A
3379,3RGV_A_B,asn,92,A
3380,4JEH_A_B,asn,236,B
3381,3V4Y_A_B,asn,211,B
3382,4EXP_A_X,asn,128,A
3383,5ET1_A_C,asn,171,A
3384,2B4J_AB_C,asn,367,C
3385,4MYW_A_B,asn,227,A
3386,3SRI_A_B,asn,223,A
3387,4RE1_A_D,asn,349,A
3388,4A1S_B_E,asn,346,B
3389,1TDQ_A_B,asn,111,B
3390,5J4A_A_B,asn,267,A
3391,1Y6N_L_R,asn,94,R
3392,3G6J_E_F,asn,137,E
3393,2OMU_A_B,asn,128,A
3394,2NR6_FE_B,asn,55,F
3395,2VLQ_A_B,asn,24,A
3396,3MAC_HL_A,asn,103,H
3397,2A7U_A_B,asn,74,B
3398,4I77_HL_Z,asn,30,L
3399,4EKD_A_B,asn,109,B
3400,3P95_A_E,cys,42,A
3401,1EJA_A_B,cys,42,A
3402,4AN7_A_B,cys,42,A
3403,1TMQ_A_B,cys,557,B
3404,1PPE_E_I,cys,28,I
3405,3GJ8_A_B,cys,869,B
3406,3N00_A_B,cys,2056,B
3407,4A94_A_D,cys,138,A
3408,2XTT_A_B,cys,42,B
3409,4EKC_A_B,cys,106,B
3410,2NZ8_A_B,cys,1328,B
3411,1C9T_A_G,cys,33,G
3412,3HCT_A_B,cys,73,A
3413,3L33_A_E,cys,14,E
3414,3EHU_A_C,cys,102,A
3415,6AZZ_CB_A,cys,112,A
3416,2RA3_A_C,cys,14,C
3417,2PTC_E_I,cys,191,E
3418,2RA3_A_C,cys,38,C
3419,5VL7_HL_B,cys,375,B
3420,3FP6_E_I,cys,191,E
3421,4F0A_A_B,cys,325,B
3422,1PJM_A_B,cys,859,A
3423,4XKL_A_B,cys,425,B
3424,1SMF_E_I,cys,191,E
3425,4RWS_A_C,cys,51,C
3426,1FLE_E_I,cys,58,E
3427,3GJ8_A_B,cys,855,B
3428,4MWF_HL_C,cys,429,C
3429,3RDZ_A_C,cys,43,A
3430,1GP2_A_BG,cys,204,B
3431,1HCF_AB_X,cys,302,X
3432,1XQS_A_C,cys,214,A
3433,2VWE_LJ_B,cys,103,B
3434,3GQI_A_B,cys,646,B
3435,3QUM_KM_Q,cys,22,Q
3436,3P71_T_C,cys,269,C
3437,1C9P_A_B,cys,33,B
3438,1FY8_E_I,cys,42,E
3439,1ACB_E_I,cys,191,E
3440,1G9M_HL_G,cys,205,G
3441,6ATT_HL_A,cys,202,A
3442,4AOQ_A_D,cys,48,A
3443,2I3T_A_B,cys,360,B
3444,3BLH_A_B,cys,10,A
3445,3V96_A_B,cys,3,A
3446,1CBW_ABC_D,cys,58,B
3447,5F3X_A_B,cys,145,A
3448,1G9I_E_I,cys,42,E
3449,5IMT_A_D,cys,63,D
3450,3P95_A_E,cys,58,A
3451,2Z7F_E_I,cys,191,E
3452,1PVH_A_B,cys,131,B
3453,4CMH_BC_A,cys,119,A
3454,4YIZ_A_B,cys,1278,B
3455,3RO2_A_B,cys,28,A
3456,2VE7_A_C,cys,232,A
3457,1O9A_A_B,cys,56,A
3458,4K0A_A_R,cys,26,R
3459,3SQO_HL_A,cys,375,A
3460,1XDT_T_R,cys,134,R
3461,3EBA_A_B,cys,77,B
3462,1ML0_AB_D,cys,52,D
3463,4E42_A_B,cys,157,A
3464,1GL0_E_I,cys,58,E
3465,3P71_T_C,cys,266,C
3466,4C5G_A_B,cys,637,A
3467,2KWJ_B_A,cys,313,A
3468,3EGG_A_C,cys,273,A
3469,3ZYI_A_B,cys,325,A
3470,3P92_A_E,cys,14,E
3471,2R9P_A_E,cys,14,E
3472,4GI3_A_C,cys,25,C
3473,1TH1_A_C,cys,429,A
3474,2ARP_A_F,cys,189,F
3475,6B08_CB_A,cys,112,A
3476,1MCV_A_I,cys,42,A
3477,4V1D_DE_C,cys,106,D
3478,3T6G_A_B,cys,820,B
3479,4AOQ_A_D,cys,196,A
3480,2FTL_E_I,cys,191,E
3481,4H8W_HL_G,cys,218,G
3482,4AOR_A_D,cys,48,A
3483,3ZRZ_A_C,cys,110,A
3484,2SIC_E_I,cys,101,I
3485,4U30_A_X,cys,38,X
3486,4W6Y_A_B,cys,33,B
3487,4FZV_A_B,cys,307,B
3488,2WJV_A_D,cys,1107,D
3489,2VLQ_A_B,cys,23,A
3490,5CZV_HL_A,cys,1442,A
3491,4EIZ_A_D,cys,152,A
3492,2MZD_A_B,cys,74,A
3493,1YC0_A_I,cys,259,I
3494,2WO3_A_B,cys,73,A
3495,3IDB_A_B,cys,199,A
3496,2VSM_A_B,cys,240,A
3497,3G6J_E_F,cys,214,E
3498,1KXP_A_D,cys,311,D
3499,5FZT_A_B,cys,1506,A
3500,1HIA_AB_I,cys,29,I
3501,2P44_A_B,cys,110,A
3502,3WN7_A_B,cys,434,A
3503,5VL7_HL_B,cys,378,B
3504,3P92_A_E,cys,38,E
3505,1A22_A_B,cys,308,B
3506,1SMF_E_I,cys,42,E
3507,1Z5Y_D_E,cys,80,E
3508,5HVF_A_B,cys,69,A
3509,1C9T_A_G,cys,191,A
3510,4DOQ_A_B,cys,97,B
3511,3NPS_BC_A,cys,191,A
3512,1CLV_A_I,cys,508,I
3513,4A94_A_D,cys,51,D
3514,1RJC_A_B,cys,108,A
3515,3RAJ_HL_A,cys,254,A
3516,4BOH_B_A,cys,439,A
3517,1F6M_A_C,cys,138,A
3518,1D6R_A_I,cys,14,I
3519,2JGZ_A_B,cys,167,B
3520,3DXC_A_B,cys,654,A
3521,2HD5_A_B,cys,223,A
3522,3DXC_A_B,cys,661,A
3523,1CBW_ABC_D,cys,191,C
3524,2MEJ_A_B,cys,242,B
3525,2RVB_A_B,cys,52,B
3526,1FLE_E_I,cys,23,I
3527,1C9T_A_G,cys,42,A
3528,2NYZ_AB_D,cys,11,D
3529,5D72_MN_B,cys,121,B
3530,3I50_HL_E,cys,105,E
3531,1GXD_A_C,cys,133,C
3532,2I9B_E_A,cys,19,A
3533,4ZFG_HL_A,cys,435,A
3534,4E42_A_B,cys,166,B
3535,4U30_A_X,cys,14,X
3536,3BLH_A_B,cys,13,A
3537,4KFZ_A_C,cys,130,A
3538,2FTM_A_B,cys,58,A
3539,3AAA_AB_C,cys,45,C
3540,1A22_A_B,cys,182,A
3541,1SMF_E_I,cys,9,I
3542,1OP9_A_B,cys,95,B
3543,3KW5_A_B,cys,90,A
3544,4ZK9_A_B,cys,52,B
3545,1JMO_A_HL,cys,42,H
3546,3UIR_A_C,cys,16,C
3547,3OSL_A_B,cys,54,B
3548,1ZR0_A_B,cys,58,A
3549,2VE7_A_C,cys,134,C
3550,1AN1_E_I,cys,191,E
3551,2OT3_B_A,cys,360,A
3552,4MHJ_L_H,cys,230,H
3553,1LDT_T_L,cys,58,T
3554,3FPU_A_B,cys,12,B
3555,2AW2_A_B,cys,79,A
3556,1TH1_A_C,cys,466,A
3557,1EZU_C_AB,cys,458,C
3558,2Y5B_A_B,cys,398,A
3559,3NPS_BC_A,cys,220,A
3560,1ZJD_A_B,cys,191,A
3561,1OGY_A_B,cys,54,A
3562,1CBW_ABC_D,cys,14,D
3563,4REY_A_B,cys,103,A
3564,1TY4_A_C,cys,62,C
3565,1CBW_ABC_D,cys,38,D
3566,2NZ1_X_Y,cys,36,Y
3567,4Z80_A_C,cys,317,A
3568,2X89_F_G,cys,80,F
3569,3QSK_A_B,cys,110,A
3570,1NW9_B_A,cys,327,A
3571,2ONL_A_C,cys,119,A
3572,1WQ1_R_G,cys,906,G
3573,1OGY_A_B,cys,101,B
3574,2WP3_T_O,cys,26,T
3575,3P95_A_E,cys,38,E
3576,4L0P_A_B,cys,189,A
3577,3SF4_A_D,cys,43,D
3578,1EJA_A_B,cys,58,A
3579,5EG3_A_B,cys,715,B
3580,4MSM_A_B,cys,288,A
3581,3WWN_A_B,cys,8,B
3582,2A6K_A_B,cys,214,A
3583,4X7S_H_L,cys,218,L
3584,5TUD_CB_A,cys,128,A
3585,2XTT_A_B,cys,58,B
3586,4JEH_A_B,cys,45,A
3587,1CGI_E_I,cys,16,I
3588,1ML0_AB_D,cys,11,D
3589,1PPE_E_I,cys,3,I
3590,4KV5_C_D,cys,77,D
3591,1C9T_A_G,cys,58,A
3592,4AN7_A_B,cys,191,A
3593,2ASS_A_B,cys,2111,B
3594,4NSO_A_B,cys,100,B
3595,4P5T_A_B,cys,167,B
3596,4K1R_A_B,cys,317,A
3597,3DXD_A_B,cys,661,A
3598,1YVB_A_I,cys,25,A
3599,2P4A_A_B,cys,110,A
3600,3SF4_A_D,val,28,D
3601,3BP8_AB_C,val,61,C
3602,4V0M_F_E,val,103,E
3603,4NP4_HL_A,val,2077,A
3604,1T01_A_B,val,47,A
3605,3CX5_JK_E,val,2,J
3606,5KVF_HL_E,val,391,E
3607,4FFY_HL_A,val,300,A
3608,2GWW_A_B,val,44,A
3609,3S9D_B_A,val,82,B
3610,2ES4_A_D,val,237,D
3611,5D1K_A_B,val,136,B
3612,5EP6_A_B,val,701,B
3613,6BIT_JL_G,val,33,G
3614,1I2M_A_B,val,96,A
3615,1EER_A_BC,val,46,A
3616,2LZ6_A_B,val,54,B
3617,5CUS_HL_A,val,99,H
3618,4K24_A_U,val,29,U
3619,2WO2_A_B,val,57,A
3620,3R9A_AC_B,val,496,B
3621,4RE1_A_D,val,57,D
3622,2Y8S_A_B,val,1311,B
3623,1AN1_E_I,val,213,E
3624,3QQ8_A_B,val,38,A
3625,2AQ1_A_B,val,91,B
3626,6B0A_HL_A,val,107,A
3627,4HCP_A_B,val,155,A
3628,3VYR_A_B,val,162,B
3629,5D1M_A_B,val,136,B
3630,5IP4_A_E,val,276,E
3631,4BFI_A_B,val,108,A
3632,4OFY_A_D,val,116,A
3633,2B7C_A_B,val,262,A
3634,3EO1_AB_CF,val,33,B
3635,4DOQ_A_B,val,102,B
3636,4NE9_A_P,val,79,P
3637,3GJ7_A_B,val,40,A
3638,2DD8_H_L,val,134,L
3639,5AGW_B_C,val,133,B
3640,5TIH_HL_A,val,99,H
3641,3D5R_A_C,val,101,A
3642,2OZA_B_A,val,183,B
3643,4YIZ_A_B,val,1292,B
3644,4C9B_A_B,val,256,A
3645,1PVH_A_B,val,230,A
3646,3L89_ABC_M,val,113,M
3647,5HBT_DC_B,val,58,D
3648,3BN3_A_B,val,67,B
3649,1DPJ_A_B,val,295,A
3650,3WKM_IM_B,val,246,B
3651,1BGX_HL_T,val,104,H
3652,4IDJ_HL_A,val,67,A
3653,2OMW_A_B,val,48,B
3654,2MV7_A_B,val,881,B
3655,3FIE_A_C,val,48,C
3656,5BOZ_A_G,val,106,G
3657,5EE5_A_B,val,43,B
3658,6B08_CB_A,val,122,A
3659,2LKM_A_B,val,217,B
3660,4RWT_A_D,val,30,A
3661,2UYZ_A_B,val,87,B
3662,1G9M_HL_G,val,200,G
3663,1ATN_A_D,val,45,A
3664,1P27_A_B,val,52,A
3665,4Q5U_A_C,val,409,C
3666,2AYO_A_B,val,328,A
3667,5SX5_HL_N,val,417,N
3668,3PVM_A_B,val,421,A
3669,4LAD_A_B,val,113,A
3670,2YC1_AB_C,val,101,A
3671,2PTC_E_I,val,34,I
3672,3GC3_A_B,val,50,B
3673,2A78_A_B,val,20,A
3674,2VOG_A_B,val,132,B
3675,3PC8_A_C,val,873,C
3676,4DH2_A_B,val,83,A
3677,1WQJ_B_I,val,48,B
3678,5CZX_HL_A,val,52,H
3679,3WKM_IM_B,val,207,B
3680,3K6G_A_D,val,306,A
3681,4GH7_A_B,val,72,A
3682,1KXQ_H_A,val,99,H
3683,1R8S_A_E,val,53,A
3684,4NE9_A_P,val,81,P
3685,1F7Z_A_I,val,34,I
3686,2XTT_A_B,val,213,B
3687,2OZA_B_A,val,230,A
3688,1SHY_A_B,val,692,A
3689,4NOO_A_B,val,34,B
3690,5XXY_HL_A,val,68,A
3691,1G6V_A_K,val,49,A
3692,1P69_A_B,val,498,A
3693,3MAC_HL_A,val,58,H
3694,5K8Q_A_B,val,623,B
3695,2J0T_A_D,val,69,D
3696,1P27_A_B,val,56,A
3697,3L9J_C_T,val,124,C
3698,3FIE_A_C,val,131,A
3699,3DVM_A_B,val,35,A
3700,4H6J_A_B,val,464,B
3701,3SGK_A_B,val,397,A
3702,1OEY_A_J,val,363,A
3703,4KT1_A_E,val,205,A
3704,2GTP_A_D,val,185,A
3705,3GQI_A_B,val,592,B
3706,1PVH_A_B,val,167,A
3707,2J12_A_B,val,67,B
3708,4DJ9_A_B,val,44,A
3709,3EOA_LH_I,val,199,I
3710,6BPA_BC_A,val,21,B
3711,2JJS_A_C,val,27,A
3712,2WEL_A_D,val,36,D
3713,3NH7_KO_D,val,103,K
3714,4BKX_A_B,val,157,B
3715,1IJK_A_BC,val,635,A
3716,2M0G_A_B,val,460,B
3717,2MRE_A_B,val,202,B
3718,1P6A_A_B,val,450,A
3719,4XOI_A_B,val,22,B
3720,3FP6_E_I,val,149,E
3721,3V3K_A_B,val,338,A
3722,3QWQ_A_B,val,54,B
3723,4ILW_A_D,val,6,A
3724,4ZQU_A_B,val,141,B
3725,4K9E_HL_C,val,31,H
3726,2LOX_A_B,val,673,B
3727,2Y8S_A_B,val,1314,B
3728,1NVU_Q_S,val,44,Q
3729,2MLX_B_A,val,384,A
3730,4XNZ_EF_D,val,57,E
3731,2MLX_B_A,val,401,A
3732,1ADQ_HL_A,val,99,H
3733,3KJ2_A_B,val,265,A
3734,3W8H_A_B,val,412,B
3735,3QC8_A_B,val,38,A
3736,6B0A_HL_A,val,111,A
3737,4YIZ_A_B,val,1284,B
3738,1OGY_A_B,val,41,B
3739,4IC7_A_B,val,29,B
3740,1CGI_E_I,val,213,E
3741,3ZEU_D_E,val,94,E
3742,5K9O_HL_I,val,347,I
3743,4L0P_A_B,val,58,A
3744,3QUM_KM_Q,val,17,Q
3745,2GWW_A_B,val,626,B
3746,3SUA_A_D,val,1822,D
3747,5FZT_A_B,val,1540,A
3748,2QHO_A_B,val,70,A
3749,4HFF_A_B,val,68,A
3750,1RLB_ABCD_E,val,20,B
3751,3ZKQ_A_D,val,196,D
3752,4QT8_A_C,val,233,A
3753,2BQZ_A_B,val,21,B
3754,5IJ9_A_B,val,182,A
3755,1EAW_A_B,val,213,A
3756,5VIC_HL_E,val,94,L
3757,2I26_N_L,val,109,L
3758,5W0D_BC_A,val,105,B
3759,5GLH_A_B,val,177,A
3760,1RKC_A_B,val,1956,B
3761,1XT9_A_B,val,58,A
3762,1UJ3_BA_C,val,798,C
3763,4IU3_A_B,val,218,B
3764,4CDK_A_E,val,99,A
3765,3V7A_EH_A,val,433,A
3766,3W9E_AB_C,val,231,C
3767,3G6D_LH_A,val,18,A
3768,1M5N_S_Q,val,242,S
3769,2W84_A_B,val,41,A
3770,2YGG_A_B,val,655,A
3771,4GNK_A_B,val,866,B
3772,1HCF_AB_X,val,336,X
3773,4ZII_A_C,val,95,A
3774,1UUZ_A_D,val,109,D
3775,4C5G_A_B,val,662,A
3776,4G6J_HL_A,val,31,H
3777,3UZE_A_C,val,307,C
3778,3MAC_HL_A,val,205,A
3779,4YIZ_A_B,val,142,A
3780,3TAC_A_B,val,980,B
3781,1TE1_A_B,val,122,B
3782,2LD7_A_B,val,191,A
3783,1L4D_A_B,val,563,A
3784,2W80_A_D,val,149,D
3785,1BGX_HL_T,val,58,L
3786,2WPT_A_B,val,98,B
3787,4LEO_AB_C,val,156,C
3788,1ATN_A_D,val,43,A
3789,4B4S_A_B,val,74,A
3790,3CQC_A_B,val,881,A
3791,2XNS_B_D,val,72,B
3792,2VOH_A_B,val,44,A
3793,4U0Q_A_B,val,26,B
3794,3CX6_A_B,val,280,A
3795,5W2B_HL_A,val,676,A
3796,5CZX_HL_A,val,1470,A
3797,2XQR_A_B,val,308,A
3798,4GLA_A_D,val,109,A
3799,3V96_A_B,val,214,B
3800,3B2U_QR_P,tyr,54,Q
3801,5OB5_HL_A,tyr,50,L
3802,5TE7_HL_G,tyr,54,H
3803,2OZA_B_A,tyr,240,A
3804,4XWJ_A_B,tyr,107,A
3805,4MQV_A_B,tyr,256,A
3806,5U8R_HL_A,tyr,54,H
3807,3SJH_A_B,tyr,143,A
3808,3P71_T_C,tyr,267,C
3809,1X1Y_A_D,tyr,103,A
3810,3WKM_IM_B,tyr,32,M
3811,1I9R_HL_ABC,tyr,32,H
3812,4BWQ_E_F,tyr,73,E
3813,1S1Q_A_B,tyr,42,A
3814,3OJ2_A_C,tyr,345,C
3815,3H3G_A_B,tyr,167,A
3816,5KVG_HL_E,tyr,55,L
3817,3KR3_HL_D,tyr,33,L
3818,3Q9U_A_C,tyr,110,A
3819,1NCA_HL_N,tyr,49,L
3820,2BTF_A_P,tyr,166,A
3821,2V5Q_A_D,tyr,79,D
3822,4JE4_A_B,tyr,80,B
3823,1X1X_A_D,tyr,103,A
3824,4D9Q_ED_B,tyr,54,E
3825,2Y8S_A_B,tyr,213,A
3826,4WNN_A_B,tyr,43,B
3827,4KFZ_A_C,tyr,95,C
3828,5BJZ_CL_A,tyr,106,C
3829,4NZW_A_B,tyr,223,A
3830,4C2A_A_B,tyr,1328,A
3831,4TSB_HL_A,tyr,31,L
3832,4KV5_C_D,tyr,58,C
3833,5W5Z_HL_A,tyr,52,H
3834,3REB_A_B,tyr,87,B
3835,5GGV_HL_Y,tyr,107,H
3836,4YDJ_HL_G,tyr,384,G
3837,1KXQ_H_A,tyr,54,H
3838,1CZ8_YX_V,tyr,101,Y
3839,5MO9_HL_X,tyr,27,H
3840,3P0Y_HL_A,tyr,56,H
3841,5BV7_HL_A,tyr,341,A
3842,3TT3_HL_A,tyr,27,H
3843,4PJ2_A_D,tyr,44,D
3844,2I26_N_L,tyr,92,N
3845,5L0Q_FE_D,tyr,638,D
3846,5CYK_A_B,tyr,151,A
3847,5U8R_HL_A,tyr,103,H
3848,1Z3G_IM_B,tyr,32,I
3849,2B10_A_B,tyr,39,A
3850,2OZA_B_A,tyr,264,A
3851,3LBX_A_B,tyr,35,A
3852,5L0Q_FE_D,tyr,104,F
3853,5FB8_BA_C,tyr,74,B
3854,5D5M_A_B,tyr,67,B
3855,3DA7_A_D,tyr,31,D
3856,4CNI_HL_C,tyr,61,H
3857,2VXT_HL_I,tyr,32,H
3858,4OL0_A_B,tyr,61,B
3859,4JCV_ADBC_E,tyr,153,C
3860,1ZVY_A_B,tyr,102,A
3861,5DOB_A_B,tyr,127,B
3862,1I4E_A_B,tyr,2412,B
3863,4PQT_A_B,tyr,361,A
3864,3I50_HL_E,tyr,99,H
3865,5HVG_A_B,tyr,109,B
3866,4RJF_A_B,tyr,250,A
3867,3IXE_A_B,tyr,132,A
3868,5XXY_HL_A,tyr,56,A
3869,2LEH_A_B,tyr,216,A
3870,5GS0_FE_B,tyr,31,E
3871,2VH5_HL_R,tyr,40,R
3872,4NIQ_A_C,tyr,46,A
3873,3GMW_A_B,tyr,50,B
3874,4ZS6_CD_B,tyr,541,B
3875,2R0K_HL_A,tyr,56,H
3876,4FQ0_B_C,tyr,140,B
3877,5F4E_A_B,tyr,147,B
3878,4YBQ_FE_A,tyr,103,F
3879,3GRW_HL_A,tyr,99,H
3880,5XBM_BA_C,tyr,54,B
3881,2HMI_CD_AB,tyr,91,C
3882,6AQ7_HL_A,tyr,53,H
3883,4J4P_HL_A,tyr,131,H
3884,4KVG_A_B,tyr,40,A
3885,5BK1_CD_B,tyr,96,D
3886,2JBY_A_B,tyr,41,A
3887,4CAD_HG_I,tyr,183,I
3888,2Y5B_A_B,tyr,551,A
3889,5BN5_A_B,tyr,297,B
3890,4AYI_A_D,tyr,368,A
3891,5E95_B_A,tyr,83,B
3892,3BN9_FE_A,tyr,99,F
3893,3VI4_FE_B,tyr,99,E
3894,4QZV_A_B,tyr,89,B
3895,3C9A_B_D,tyr,325,B
3896,4OLZ_HL_G,tyr,59,H
3897,4G59_A_C,tyr,155,A
3898,2B7C_A_B,tyr,252,A
3899,3UYP_A_B,tyr,34,A
3900,3C4O_A_B,tyr,143,B
3901,4RAU_ED_F,tyr,106,E
3902,5FB8_BA_C,tyr,47,B
3903,4M0W_A_B,tyr,269,A
3904,5GGS_AB_Z,tyr,57,B
3905,5H35_FG_E,tyr,102,F
3906,5SZJ_A_B,tyr,603,B
3907,2Z7F_E_I,tyr,68,I
3908,3WN7_A_B,tyr,572,A
3909,2FJH_BA_W,tyr,57,B
3910,5TRU_HL_C,tyr,104,C
3911,5DFV_EF_B,tyr,595,F
3912,1KAC_A_B,tyr,82,B
3913,4LU5_IM_A,tyr,37,M
3914,4DKE_IM_B,tyr,93,M
3915,5VIG_AB_G,tyr,58,A
3916,2SNI_E_I,tyr,61,I
3917,3FJU_A_B,tyr,198,A
3918,2IDO_A_B,tyr,75,B
3919,4H03_A_B,tyr,60,A
3920,4EDX_HL_V,tyr,99,H
3921,5J4A_A_B,tyr,87,B
3922,4JW2_A_B,tyr,36,B
3923,3QBV_A_B,tyr,1241,B
3924,1TM3_E_I,tyr,217,E
3925,4F38_A_B,tyr,74,A
3926,2C1T_A_C,tyr,15,C
3927,1TM3_E_I,tyr,104,E
3928,4DZV_A_B,tyr,13,B
3929,1BKD_R_S,tyr,64,R
3930,4ILW_A_D,tyr,171,D
3931,2NQD_A_B,tyr,57,A
3932,3WKM_IM_B,tyr,243,B
3933,5YOY_HE_C,tyr,30,E
3934,3MA9_HL_A,tyr,102,H
3935,5D1K_A_B,tyr,242,B
3936,5T33_HL_G,tyr,100,H
3937,3VV2_A_B,tyr,243,A
3938,2BYM_A_B,tyr,92,B
3939,3IDX_HL_G,tyr,32,H
3940,4DX8_A_J,tyr,144,A
3941,3W2D_HL_A,tyr,73,A
3942,2ARJ_HL_Q,tyr,53,L
3943,4CMH_BC_A,tyr,102,B
3944,3ZJY_E_D,tyr,39,D
3945,1IQD_AB_C,tyr,92,A
3946,4U6H_AB_E,tyr,104,A
3947,4JR9_HL_A,tyr,101,H
3948,1NVU_Q_S,tyr,64,Q
3949,2QC1_A_B,tyr,190,B
3950,4ONS_A_B,tyr,142,B
3951,2LFW_A_B,tyr,36,B
3952,4YWC_A_C,tyr,97,A
3953,1BUH_A_B,tyr,57,B
3954,3L5W_LH_I,tyr,104,H
3955,1YNT_DC_G,tyr,1050,C
3956,3LD8_CB_A,tyr,100,C
3957,4I18_HL_C,tyr,111,H
3958,1FE8_HL_A,tyr,32,L
3959,1TM4_E_I,tyr,104,E
3960,6BIT_JL_G,tyr,94,L
3961,6BCK_HL_G,tyr,91,L
3962,3E2L_A_C,tyr,143,C
3963,1SY6_HL_A,tyr,104,H
3964,5CZX_HL_A,tyr,1474,A
3965,1VG0_A_B,tyr,375,A
3966,2LKM_A_B,tyr,224,B
3967,5KVG_HL_E,tyr,97,H
3968,4S0S_A_D,tyr,77,D
3969,1T6B_X_Y,tyr,688,X
3970,3OUW_A_B,tyr,254,A
3971,5JYL_A_B,tyr,54,B
3972,3W2D_HL_A,tyr,124,H
3973,3G3A_A_B,tyr,35,A
3974,2VE7_A_C,tyr,233,A
3975,4YPG_BA_C,tyr,92,A
3976,1DEE_A_B,tyr,32,A
3977,4KUC_FE_I,tyr,51,F
3978,1JRH_HL_I,tyr,49,I
3979,4OII_HL_A,tyr,49,L
3980,5WI9_HL_A,tyr,59,H
3981,4AEI_HL_A,tyr,37,L
3982,5TL5_HL_A,tyr,105,H
3983,3QSK_A_B,tyr,33,B
3984,3EGG_A_C,tyr,134,A
3985,4U0R_BC_A,tyr,56,B
3986,1ZR0_A_B,tyr,11,B
3987,4HX3_BD_A,tyr,54,A
3988,5D1Z_DC_I,tyr,95,C
3989,5C8J_AB_I,tyr,58,A
3990,5TZU_HL_C,tyr,32,L
3991,3PGF_HL_A,tyr,99,H
3992,5MES_HL_A,tyr,32,H
3993,1MAH_A_F,tyr,4,F
3994,1J2J_A_B,tyr,81,A
3995,5BK1_CD_B,tyr,58,C
3996,1JPS_HL_T,tyr,32,H
3997,1NSN_HL_S,tyr,53,H
3998,2QR0_XW_V,tyr,96,X
3999,1UAD_A_C,tyr,36,A
